from	to
DNFServer/GameServer/ServerLab/AppCommon/AuctionCommon/ServiceError.cpp	DNFServer/GameServer/ServerLab/AppCommon/AuctionCommon/ServiceError.h
DNFServer/GameServer/ServerLab/ServerLib/basic_source/Script.h	DNFServer/GameServer/ServerLab/ServerLib/basic_source/GlobalInstance.h
DNFServer/GameServer/ServerLab/ServerLib/basic_source/Script.h	DNFServer/GameServer/ServerLab/ServerLib/basic_source/ThreadLock.h
DNFServer/GameServer/ServerLab/ServerLib/basic_source/Script.h	DNFServer/GameServer/ServerLab/ServerLib/basic_source/Token.h
DNFServer/GameServer/ServerLab/ServerLib/common_source/CommonDataPool.cpp	DNFServer/GameServer/ServerLab/ServerLib/basic_source/DataPool.h
DNFServer/GameServer/ServerLab/ServerLib/common_source/CommonDataPool.cpp	DNFServer/GameServer/ServerLab/ServerLib/basic_source/TCPUser.h
DNFServer/GameServer/ServerLab/ServerLib/common_source/CommonDataPool.cpp	DNFServer/GameServer/ServerLab/ServerLib/basic_source/Thread.h
DNFServer/GameServer/ServerLab/ServerLib/common_source/CommonDataPool.cpp	DNFServer/GameServer/ServerLab/ServerLib/common_source/CommonDataPool.h
DNFServer/GameServer/ServerLab/ServerLib/common_source/CommonDataPool.cpp	DNFServer/GameServer/ServerLab/ServerLib/common_source/ServiceFactory.h
DNFServer/GameServer/ServerLab/ServerLib/common_source/CommonDataPool.cpp	shared/common/include/Message.h
DNFServer/GameServer/ServerLab/ServerLib/common_source/CommonDataPool.cpp	shared/common/include/SendBuffer.h
DNFServer/GameServer/ServerLab/ServerLib/common_source/TimeManager.cpp	DNFServer/GameServer/ServerLab/ServerLib/basic_source/TraceLog.h
DNFServer/GameServer/ServerLab/ServerLib/common_source/TimeManager.cpp	DNFServer/GameServer/ServerLab/ServerLib/basic_source/WorkThread.h
DNFServer/GameServer/ServerLab/ServerLib/common_source/TimeManager.cpp	DNFServer/GameServer/ServerLab/ServerLib/common_source/ServiceFactory.h
DNFServer/GameServer/ServerLab/ServerLib/common_source/TimeManager.cpp	DNFServer/GameServer/ServerLab/ServerLib/common_source/Threads.h
DNFServer/GameServer/ServerLab/ServerLib/common_source/TimeManager.cpp	DNFServer/GameServer/ServerLab/ServerLib/common_source/TimeManager.h
DNFServer/GameServer/ServerLab/ServerLib/common_source/TimeManager.cpp	DNFServer/GameServer/ServerLab/ServerLib/common_source/TimerThread.h
DNFServer/GameServer/ServerLab/ServerLib/common_source/TimeManager.cpp	shared/common/include/InternalMsg.h
DNFServer/GameServer/ServerLab/ServerLib/common_source/TimeManager.cpp	shared/common/include/Message.h
DNFServer/GameServer/ServerLab/ServerLib/common_source/InterDispatcher.cpp	DNFServer/GameServer/ServerLab/ServerLib/basic_source/TraceLog.h
DNFServer/GameServer/ServerLab/ServerLib/common_source/InterDispatcher.cpp	DNFServer/GameServer/ServerLab/ServerLib/common_source/IHandlers.h
DNFServer/GameServer/ServerLab/ServerLib/common_source/InterDispatcher.cpp	DNFServer/GameServer/ServerLab/ServerLib/common_source/InterDispatcher.h
DNFServer/GameServer/ServerLab/ServerLib/common_source/InterDispatcher.cpp	DNFServer/GameServer/ServerLab/ServerLib/common_source/ServiceError.h
DNFServer/GameServer/ServerLab/ServerLib/common_source/InterDispatcher.cpp	DNFServer/GameServer/ServerLab/ServerLib/common_source/ServiceFactory.h
DNFServer/GameServer/ServerLab/ServerLib/common_source/InterDispatcher.cpp	shared/common/include/InternalMsgDesign.h
DNFServer/GameServer/ServerLab/ServerLib/common_source/InterDispatcher.cpp	shared/common/include/Message.h
DNFServer/GameServer/ServerLab/ServerLib/common_source/InterDispatcher.cpp	shared/common/include/MsgCell.h
shared/common/include/DBTransactionDesign.h	DNFServer/GameServer/ServerLab/Auction/AuctionServer/GameData/auction/AuctionItem.h
shared/common/include/DBTransactionDesign.h	DNFServer/GameServer/ServerLab/ServerLib/basic_source/Thread.h
DNFServer/GameServer/ServerLab/ServerLib/common_source/ActiveNetClose.cpp	DNFServer/GameServer/ServerLab/ServerLib/basic_source/GlobalInstance.h
DNFServer/GameServer/ServerLab/ServerLib/common_source/ActiveNetClose.cpp	DNFServer/GameServer/ServerLab/ServerLib/basic_source/TCPUser.h
DNFServer/GameServer/ServerLab/ServerLib/common_source/ActiveNetClose.cpp	DNFServer/GameServer/ServerLab/ServerLib/basic_source/TraceLog.h
DNFServer/GameServer/ServerLab/ServerLib/common_source/ActiveNetClose.cpp	DNFServer/GameServer/ServerLab/ServerLib/common_source/ActiveNetClose.h
DNFServer/GameServer/ServerLab/ServerLib/basic_source/WorkThread.cpp	DNFServer/GameServer/ServerLab/ServerLib/basic_source/GetMessageBuffer.h
DNFServer/GameServer/ServerLab/ServerLib/basic_source/WorkThread.cpp	DNFServer/GameServer/ServerLab/ServerLib/basic_source/Script.h
DNFServer/GameServer/ServerLab/ServerLib/basic_source/WorkThread.cpp	DNFServer/GameServer/ServerLab/ServerLib/basic_source/TCPUser.h
DNFServer/GameServer/ServerLab/ServerLib/basic_source/WorkThread.cpp	DNFServer/GameServer/ServerLab/ServerLib/basic_source/TraceLog.h
DNFServer/GameServer/ServerLab/ServerLib/basic_source/WorkThread.cpp	DNFServer/GameServer/ServerLab/ServerLib/basic_source/WorkThread.h
DNFServer/GameServer/ServerLab/ServerLib/basic_source/WorkThread.cpp	DNFServer/GameServer/ServerLab/ServerLib/common_source/ActiveNetClose.h
DNFServer/GameServer/ServerLab/ServerLib/basic_source/WorkThread.cpp	DNFServer/GameServer/ServerLab/ServerLib/common_source/CommonDataPool.h
DNFServer/GameServer/ServerLab/ServerLib/basic_source/WorkThread.cpp	DNFServer/GameServer/ServerLab/ServerLib/common_source/Dispatchers.h
DNFServer/GameServer/ServerLab/ServerLib/basic_source/WorkThread.cpp	DNFServer/GameServer/ServerLab/ServerLib/common_source/InterDispatcher.h
DNFServer/GameServer/ServerLab/ServerLib/basic_source/WorkThread.cpp	DNFServer/GameServer/ServerLab/ServerLib/common_source/ServiceFactory.h
DNFServer/GameServer/ServerLab/ServerLib/basic_source/WorkThread.cpp	DNFServer/GameServer/ServerLab/ServerLib/common_source/TCPDispatcher.h
DNFServer/GameServer/ServerLab/ServerLib/basic_source/WorkThread.cpp	DNFServer/GameServer/ServerLab/ServerLib/common_source/Threads.h
DNFServer/GameServer/ServerLab/ServerLib/basic_source/WorkThread.cpp	DNFServer/GameServer/ServerLab/ServerLib/common_source/TimerThread.h
DNFServer/GameServer/ServerLab/ServerLib/basic_source/WorkThread.cpp	shared/common/include/Message.h
DNFServer/GameServer/ServerLab/ServerLib/basic_source/WorkThread.cpp	shared/common/include/TMsgCell.h
DNFServer/GameServer/ServerLab/Auction/AuctionServer/GameData/GameDataPool.h	DNFServer/GameServer/ServerLab/ServerLib/basic_source/TCPUser.h
DNFServer/GameServer/ServerLab/Auction/AuctionServer/GameData/GameDataPool.h	DNFServer/GameServer/ServerLab/ServerLib/common_source/CommonDataPool.h
DNFServer/GameServer/ServerLab/Auction/AuctionServer/GameData/GameDataPool.h	shared/common/include/ObjectPoolByBoostPool.h
DNFServer/GameServer/ServerLab/Auction/AuctionServer/GameData/GameDataPool.h	shared/common/include/TE_Entity.h
DNFServer/GameServer/ServerLab/ServerLib/common_source/Reactor.h	DNFServer/GameServer/ServerLab/ServerLib/basic_source/DataPool.h
DNFServer/GameServer/ServerLab/ServerLib/common_source/Reactor.h	DNFServer/GameServer/ServerLab/ServerLib/basic_source/Exception.h
DNFServer/GameServer/ServerLab/ServerLib/common_source/Reactor.h	DNFServer/GameServer/ServerLab/ServerLib/basic_source/Script.h
DNFServer/GameServer/ServerLab/ServerLib/common_source/Reactor.h	DNFServer/GameServer/ServerLab/ServerLib/basic_source/TCPSocket.h
DNFServer/GameServer/ServerLab/ServerLib/common_source/Reactor.h	DNFServer/GameServer/ServerLab/ServerLib/basic_source/TCPUser.h
DNFServer/GameServer/ServerLab/ServerLib/common_source/Reactor.h	DNFServer/GameServer/ServerLab/ServerLib/basic_source/TraceLog.h
DNFServer/GameServer/ServerLab/ServerLib/basic_source/GetMessageBuffer.h	shared/common/include/TMsgCell.h
DNFServer/GameServer/ServerLab/Auction/AuctionServer/GameData/auction/dictionary/AuctionDictionary.cpp	DNFServer/GameServer/ServerLab/AppCommon/AuctionCommon/ServiceError.h
DNFServer/GameServer/ServerLab/Auction/AuctionServer/GameData/auction/dictionary/AuctionDictionary.cpp	DNFServer/GameServer/ServerLab/Auction/AuctionServer/GameData/auction/Auction.h
DNFServer/GameServer/ServerLab/Auction/AuctionServer/GameData/auction/dictionary/AuctionDictionary.cpp	DNFServer/GameServer/ServerLab/Auction/AuctionServer/GameData/auction/dictionary/AuctionDictionary.h
DNFServer/GameServer/ServerLab/Auction/AuctionServer/GameData/auction/dictionary/AuctionDictionary.cpp	DNFServer/GameServer/ServerLab/ServerLib/basic_source/Script.h
DNFServer/GameServer/ServerLab/Auction/AuctionServer/GameData/auction/dictionary/AuctionDictionary.cpp	DNFServer/GameServer/ServerLab/ServerLib/basic_source/Thread.h
DNFServer/GameServer/ServerLab/Auction/AuctionServer/GameData/auction/dictionary/AuctionDictionary.cpp	DNFServer/GameServer/ServerLab/ServerLib/basic_source/TraceLog.h
DNFServer/GameServer/ServerLab/Auction/AuctionServer/GameData/auction/dictionary/AuctionDictionary.cpp	DNFServer/GameServer/ServerLab/ServerLib/common_source/CommonDataPool.h
DNFServer/GameServer/ServerLab/Auction/AuctionServer/GameData/auction/dictionary/AuctionDictionary.cpp	DNFServer/GameServer/ServerLab/ServerLib/common_source/DataPools.h
DNFServer/GameServer/ServerLab/Auction/AuctionServer/GameData/auction/dictionary/AuctionDictionary.cpp	DNFServer/GameServer/ServerLab/ServerLib/common_source/NSLDBThread.h
DNFServer/GameServer/ServerLab/Auction/AuctionServer/GameData/auction/dictionary/AuctionDictionary.cpp	DNFServer/GameServer/ServerLab/ServerLib/common_source/ServiceFactory.h
DNFServer/GameServer/ServerLab/Auction/AuctionServer/GameData/auction/dictionary/AuctionDictionary.cpp	shared/common/include/Message.h
DNFServer/GameServer/ServerLab/Auction/AuctionServer/GameData/auction/dictionary/AveragePriceDictionary.cpp	DNFServer/GameServer/ServerLab/Auction/AuctionServer/GameData/auction/dictionary/AveragePriceDictionary.h
DNFServer/GameServer/ServerLab/Auction/AuctionServer/GameData/auction/dictionary/AveragePriceDictionary.cpp	DNFServer/GameServer/ServerLab/ServerLib/basic_source/TraceLog.h
DNFServer/GameServer/ServerLab/Auction/AuctionServer/GameData/auction/Auction.h	DNFServer/GameServer/ServerLab/Auction/AuctionServer/GameData/auction/AuctionItem.h
DNFServer/GameServer/ServerLab/Auction/AuctionServer/GameData/auction/Auction.h	DNFServer/GameServer/ServerLab/Auction/AuctionServer/GameData/auction/dictionary/AuctionDictionary.h
DNFServer/GameServer/ServerLab/Auction/AuctionServer/GameData/auction/Auction.h	DNFServer/GameServer/ServerLab/Auction/AuctionServer/GameData/auction/dictionary/Search.h
DNFServer/GameServer/ServerLab/Auction/AuctionServer/GameData/auction/Auction.h	DNFServer/GameServer/ServerLab/ServerLib/basic_source/GlobalInstance.h
DNFServer/GameServer/ServerLab/Auction/AuctionServer/GameData/auction/Auction.h	DNFServer/GameServer/ServerLab/ServerLib/basic_source/TCPSocket.h
DNFServer/GameServer/ServerLab/Auction/AuctionServer/GameData/auction/Auction.h	shared/common/include/AuctionPacket.h
DNFServer/GameServer/ServerLab/Auction/AuctionServer/GameData/auction/Auction.h	shared/common/include/DBTransactionDesign.h
DNFServer/GameServer/ServerLab/Auction/AuctionServer/GameData/auction/dictionary/Search.cpp	DNFServer/GameServer/ServerLab/Auction/AuctionServer/GameData/auction/Auction.h
DNFServer/GameServer/ServerLab/Auction/AuctionServer/GameData/auction/dictionary/Search.cpp	DNFServer/GameServer/ServerLab/Auction/AuctionServer/GameData/auction/dictionary/AuctionDictionary.h
DNFServer/GameServer/ServerLab/Auction/AuctionServer/GameData/auction/dictionary/Search.cpp	DNFServer/GameServer/ServerLab/Auction/AuctionServer/GameData/auction/dictionary/AveragePriceDictionary.h
DNFServer/GameServer/ServerLab/Auction/AuctionServer/GameData/auction/dictionary/Search.cpp	DNFServer/GameServer/ServerLab/Auction/AuctionServer/GameData/auction/dictionary/Search.h
DNFServer/GameServer/ServerLab/Auction/AuctionServer/GameData/auction/dictionary/Search.cpp	DNFServer/GameServer/ServerLab/ServerLib/basic_source/TraceLog.h
DNFServer/GameServer/ServerLab/Auction/AuctionServer/GameData/auction/dictionary/Search.cpp	shared/common/include/DBTransactionDesign.h
DNFServer/ServerCommon/CFileLogWriterBase.cpp	DNFServer/ServerCommon/DNFFileLog.h
DNFServer/GameServer/ServerLab/ServerLib/basic_source/RecvBuffer.cpp	DNFServer/GameServer/ServerLab/ServerLib/basic_source/RecvBuffer.h
DNFServer/GameServer/ServerLab/ServerLib/basic_source/RecvBuffer.cpp	DNFServer/GameServer/ServerLab/ServerLib/basic_source/TCPSocket.h
DNFServer/GameServer/ServerLab/ServerLib/basic_source/RecvBuffer.cpp	DNFServer/GameServer/ServerLab/ServerLib/basic_source/TCPUser.h
DNFServer/GameServer/ServerLab/ServerLib/basic_source/RecvBuffer.cpp	DNFServer/GameServer/ServerLab/ServerLib/basic_source/TraceLog.h
DNFServer/GameServer/ServerLab/ServerLib/basic_source/RecvBuffer.cpp	DNFServer/GameServer/ServerLab/ServerLib/basic_source/WorkThread.h
DNFServer/GameServer/ServerLab/ServerLib/basic_source/RecvBuffer.cpp	DNFServer/GameServer/ServerLab/ServerLib/common_source/ServiceFactory.h
DNFServer/GameServer/ServerLab/ServerLib/basic_source/RecvBuffer.cpp	shared/common/include/Message.h
DNFServer/GameServer/ServerLab/ServerLib/basic_source/GlobalInstance.h	DNFServer/GameServer/ServerLab/ServerLib/basic_source/ThreadLock.h
DNFServer/GameServer/ServerLab/ServerLib/common_source/DBConnection.h	DNFServer/GameServer/ServerLab/ServerLib/common_source/mysql.h
DNFServer/GameServer/ServerLab/ServerLib/common_source/TCPDispatcher.cpp	DNFServer/GameServer/ServerLab/ServerLib/basic_source/TCPSocket.h
DNFServer/GameServer/ServerLab/ServerLib/common_source/TCPDispatcher.cpp	DNFServer/GameServer/ServerLab/ServerLib/basic_source/TCPUser.h
DNFServer/GameServer/ServerLab/ServerLib/common_source/TCPDispatcher.cpp	DNFServer/GameServer/ServerLab/ServerLib/basic_source/TraceLog.h
DNFServer/GameServer/ServerLab/ServerLib/common_source/TCPDispatcher.cpp	DNFServer/GameServer/ServerLab/ServerLib/common_source/IHandlers.h
DNFServer/GameServer/ServerLab/ServerLib/common_source/TCPDispatcher.cpp	DNFServer/GameServer/ServerLab/ServerLib/common_source/ServiceFactory.h
DNFServer/GameServer/ServerLab/ServerLib/common_source/TCPDispatcher.cpp	DNFServer/GameServer/ServerLab/ServerLib/common_source/TCPDispatcher.h
DNFServer/GameServer/ServerLab/ServerLib/common_source/TCPDispatcher.cpp	shared/common/include/Message.h
DNFServer/GameServer/ServerLab/ServerLib/common_source/TCPDispatcher.cpp	shared/common/include/PacketDesign.h
DNFServer/GameServer/ServerLab/ServerLib/basic_source/DataPool.h	DNFServer/GameServer/ServerLab/ServerLib/basic_source/ThreadLock.h
DNFServer/GameServer/ServerLab/ServerLib/basic_source/DataPool.h	shared/common/include/ObjectPoolByBoostPool.h
DNFServer/GameServer/ServerLab/Auction/AuctionServer/GameData/Zone.h	DNFServer/GameServer/ServerLab/ServerLib/common_source/IArea.h
shared/common/include/DNFPacket.h	shared/common/include/PacketDesign.h
DNFServer/GameServer/ServerLab/Auction/AuctionServer/auction_source/HandlerFor_GA_.cpp	DNFServer/GameServer/ServerLab/AppCommon/AuctionCommon/ServiceError.h
DNFServer/GameServer/ServerLab/Auction/AuctionServer/auction_source/HandlerFor_GA_.cpp	DNFServer/GameServer/ServerLab/Auction/AuctionServer/GameData/Character.h
DNFServer/GameServer/ServerLab/Auction/AuctionServer/auction_source/HandlerFor_GA_.cpp	DNFServer/GameServer/ServerLab/Auction/AuctionServer/GameData/GameDataPool.h
DNFServer/GameServer/ServerLab/Auction/AuctionServer/auction_source/HandlerFor_GA_.cpp	DNFServer/GameServer/ServerLab/Auction/AuctionServer/GameData/StatisticsCollector.h
DNFServer/GameServer/ServerLab/Auction/AuctionServer/auction_source/HandlerFor_GA_.cpp	DNFServer/GameServer/ServerLab/Auction/AuctionServer/GameData/Zone.h
DNFServer/GameServer/ServerLab/Auction/AuctionServer/auction_source/HandlerFor_GA_.cpp	DNFServer/GameServer/ServerLab/Auction/AuctionServer/auction_source/HandlerFor_GA_.h
DNFServer/GameServer/ServerLab/Auction/AuctionServer/auction_source/HandlerFor_GA_.cpp	DNFServer/GameServer/ServerLab/ServerLib/basic_source/Script.h
DNFServer/GameServer/ServerLab/Auction/AuctionServer/auction_source/HandlerFor_GA_.cpp	DNFServer/GameServer/ServerLab/ServerLib/basic_source/Thread.h
DNFServer/GameServer/ServerLab/Auction/AuctionServer/auction_source/HandlerFor_GA_.cpp	DNFServer/GameServer/ServerLab/ServerLib/basic_source/TraceLog.h
DNFServer/GameServer/ServerLab/Auction/AuctionServer/auction_source/HandlerFor_GA_.cpp	DNFServer/GameServer/ServerLab/ServerLib/common_source/CommonDataPool.h
DNFServer/GameServer/ServerLab/Auction/AuctionServer/auction_source/HandlerFor_GA_.cpp	DNFServer/GameServer/ServerLab/ServerLib/common_source/DataPools.h
DNFServer/GameServer/ServerLab/Auction/AuctionServer/auction_source/HandlerFor_GA_.cpp	DNFServer/GameServer/ServerLab/ServerLib/common_source/NSLDBThread.h
DNFServer/GameServer/ServerLab/Auction/AuctionServer/auction_source/HandlerFor_GA_.cpp	DNFServer/GameServer/ServerLab/ServerLib/common_source/ServiceFactory.h
DNFServer/GameServer/ServerLab/Auction/AuctionServer/auction_source/HandlerFor_GA_.cpp	DNFServer/GameServer/ServerLab/ServerLib/common_source/TCPSendThread.h
DNFServer/GameServer/ServerLab/Auction/AuctionServer/auction_source/HandlerFor_GA_.cpp	shared/common/include/Message.h
DNFServer/GameServer/ServerLab/Auction/AuctionServer/auction_source/HandlerFor_GP_JPN.cpp	DNFServer/GameServer/ServerLab/AppCommon/AuctionCommon/ServiceError.h
DNFServer/GameServer/ServerLab/Auction/AuctionServer/auction_source/HandlerFor_GP_JPN.cpp	DNFServer/GameServer/ServerLab/Auction/AuctionServer/GameData/Character.h
DNFServer/GameServer/ServerLab/Auction/AuctionServer/auction_source/HandlerFor_GP_JPN.cpp	DNFServer/GameServer/ServerLab/Auction/AuctionServer/GameData/GameDataPool.h
DNFServer/GameServer/ServerLab/Auction/AuctionServer/auction_source/HandlerFor_GP_JPN.cpp	DNFServer/GameServer/ServerLab/Auction/AuctionServer/GameData/StatisticsCollector.h
DNFServer/GameServer/ServerLab/Auction/AuctionServer/auction_source/HandlerFor_GP_JPN.cpp	DNFServer/GameServer/ServerLab/Auction/AuctionServer/GameData/Zone.h
DNFServer/GameServer/ServerLab/Auction/AuctionServer/auction_source/HandlerFor_GP_JPN.cpp	DNFServer/GameServer/ServerLab/Auction/AuctionServer/auction_source/HandlerFor_GP_JPN.h
DNFServer/GameServer/ServerLab/Auction/AuctionServer/auction_source/HandlerFor_GP_JPN.cpp	DNFServer/GameServer/ServerLab/ServerLib/basic_source/Script.h
DNFServer/GameServer/ServerLab/Auction/AuctionServer/auction_source/HandlerFor_GP_JPN.cpp	DNFServer/GameServer/ServerLab/ServerLib/basic_source/Thread.h
DNFServer/GameServer/ServerLab/Auction/AuctionServer/auction_source/HandlerFor_GP_JPN.cpp	DNFServer/GameServer/ServerLab/ServerLib/basic_source/TraceLog.h
DNFServer/GameServer/ServerLab/Auction/AuctionServer/auction_source/HandlerFor_GP_JPN.cpp	DNFServer/GameServer/ServerLab/ServerLib/common_source/CommonDataPool.h
DNFServer/GameServer/ServerLab/Auction/AuctionServer/auction_source/HandlerFor_GP_JPN.cpp	DNFServer/GameServer/ServerLab/ServerLib/common_source/DataPools.h
DNFServer/GameServer/ServerLab/Auction/AuctionServer/auction_source/HandlerFor_GP_JPN.cpp	DNFServer/GameServer/ServerLab/ServerLib/common_source/NSLDBThread.h
DNFServer/GameServer/ServerLab/Auction/AuctionServer/auction_source/HandlerFor_GP_JPN.cpp	DNFServer/GameServer/ServerLab/ServerLib/common_source/ServiceFactory.h
DNFServer/GameServer/ServerLab/Auction/AuctionServer/auction_source/HandlerFor_GP_JPN.cpp	DNFServer/GameServer/ServerLab/ServerLib/common_source/TCPSendThread.h
DNFServer/GameServer/ServerLab/Auction/AuctionServer/auction_source/HandlerFor_GP_JPN.cpp	shared/common/include/Message.h
DNFServer/ServerCommon/DNFFileLog.cpp	DNFServer/ServerCommon/DNFFileLog.h
DNFServer/ServerCommon/DNFFileLog.cpp	DNFServer/ServerCommon/DNFFunctionLib.h
DNFServer/GameServer/ServerLab/Auction/AuctionServer/GameData/auction/dictionary/AveragePriceDictionary.h	shared/common/include/DBTransactionDesign.h
DNFServer/GameServer/ServerLab/Auction/AuctionServer/GameData/auction/dictionary/AveragePriceDictionary.h	shared/common/include/ObjectPoolByBoostPool.h
DNFServer/GameServer/ServerLab/ServerLib/basic_source/WorkThread.h	DNFServer/GameServer/ServerLab/ServerLib/basic_source/Thread.h
DNFServer/GameServer/ServerLab/ServerLib/basic_source/Script.cpp	DNFServer/GameServer/ServerLab/ServerLib/basic_source/Script.h
DNFServer/GameServer/ServerLab/Auction/AuctionServer/auction_source/HandlerFor_GA_.h	DNFServer/GameServer/ServerLab/Auction/AuctionServer/GameData/auction/Auction.h
DNFServer/GameServer/ServerLab/Auction/AuctionServer/auction_source/HandlerFor_GA_.h	DNFServer/GameServer/ServerLab/ServerLib/common_source/IHandler.h
DNFServer/GameServer/ServerLab/Auction/AuctionServer/auction_source/HandlerFor_GA_.h	shared/common/include/AuctionPacket.h
shared/common/include/AuctionPacket.h	DNFServer/GameServer/ServerLab/Auction/AuctionServer/GameData/auction/AuctionItem.h
shared/common/include/AuctionPacket.h	shared/common/include/PacketDesign.h
DNFServer/GameServer/ServerLab/Auction/AuctionServer/auction_source/HandlerFor_DB_.cpp	DNFServer/GameServer/ServerLab/AppCommon/AuctionCommon/ServiceError.h
DNFServer/GameServer/ServerLab/Auction/AuctionServer/auction_source/HandlerFor_DB_.cpp	DNFServer/GameServer/ServerLab/Auction/AuctionServer/GameData/DNFFunctionLibWrapper.h
DNFServer/GameServer/ServerLab/Auction/AuctionServer/auction_source/HandlerFor_DB_.cpp	DNFServer/GameServer/ServerLab/Auction/AuctionServer/GameData/Zone.h
DNFServer/GameServer/ServerLab/Auction/AuctionServer/auction_source/HandlerFor_DB_.cpp	DNFServer/GameServer/ServerLab/Auction/AuctionServer/GameData/auction/Auction.h
DNFServer/GameServer/ServerLab/Auction/AuctionServer/auction_source/HandlerFor_DB_.cpp	DNFServer/GameServer/ServerLab/Auction/AuctionServer/auction_source/HandlerFor_DB_.h
DNFServer/GameServer/ServerLab/Auction/AuctionServer/auction_source/HandlerFor_DB_.cpp	DNFServer/GameServer/ServerLab/ServerLib/basic_source/Script.h
DNFServer/GameServer/ServerLab/Auction/AuctionServer/auction_source/HandlerFor_DB_.cpp	DNFServer/GameServer/ServerLab/ServerLib/basic_source/TEA.h
DNFServer/GameServer/ServerLab/Auction/AuctionServer/auction_source/HandlerFor_DB_.cpp	DNFServer/GameServer/ServerLab/ServerLib/basic_source/Thread.h
DNFServer/GameServer/ServerLab/Auction/AuctionServer/auction_source/HandlerFor_DB_.cpp	DNFServer/GameServer/ServerLab/ServerLib/basic_source/TraceLog.h
DNFServer/GameServer/ServerLab/Auction/AuctionServer/auction_source/HandlerFor_DB_.cpp	DNFServer/GameServer/ServerLab/ServerLib/common_source/CommonDataPool.h
DNFServer/GameServer/ServerLab/Auction/AuctionServer/auction_source/HandlerFor_DB_.cpp	DNFServer/GameServer/ServerLab/ServerLib/common_source/DBConnections.h
DNFServer/GameServer/ServerLab/Auction/AuctionServer/auction_source/HandlerFor_DB_.cpp	DNFServer/GameServer/ServerLab/ServerLib/common_source/DataPools.h
DNFServer/GameServer/ServerLab/Auction/AuctionServer/auction_source/HandlerFor_DB_.cpp	DNFServer/GameServer/ServerLab/ServerLib/common_source/IArea.h
DNFServer/GameServer/ServerLab/Auction/AuctionServer/auction_source/HandlerFor_DB_.cpp	DNFServer/GameServer/ServerLab/ServerLib/common_source/ISession.h
DNFServer/GameServer/ServerLab/Auction/AuctionServer/auction_source/HandlerFor_DB_.cpp	DNFServer/GameServer/ServerLab/ServerLib/common_source/ServiceFactory.h
DNFServer/GameServer/ServerLab/Auction/AuctionServer/auction_source/HandlerFor_DB_.cpp	DNFServer/GameServer/ServerLab/ServerLib/common_source/TCPSendThread.h
DNFServer/GameServer/ServerLab/Auction/AuctionServer/auction_source/HandlerFor_DB_.cpp	DNFServer/ServerCommon/DNFFunctionLib.h
DNFServer/GameServer/ServerLab/Auction/AuctionServer/auction_source/HandlerFor_DB_.cpp	shared/common/include/Message.h
DNFServer/GameServer/ServerLab/Auction/AuctionServer/auction_source/HandlerFor_DB_.cpp	shared/common/include/PacketDesign.h
DNFServer/GameServer/ServerLab/Auction/AuctionServer/GameData/auction/dictionary/ReliabilityDictionary.cpp	DNFServer/GameServer/ServerLab/Auction/AuctionServer/GameData/auction/AuctionItem.h
DNFServer/GameServer/ServerLab/Auction/AuctionServer/GameData/auction/dictionary/ReliabilityDictionary.cpp	DNFServer/GameServer/ServerLab/Auction/AuctionServer/GameData/auction/dictionary/ReliabilityDictionary.h
DNFServer/GameServer/ServerLab/ServerLib/basic_source/LinuxService.h	DNFServer/GameServer/ServerLab/ServerLib/basic_source/Thread.h
DNFServer/GameServer/ServerLab/ServerLib/basic_source/LinuxService.h	DNFServer/GameServer/ServerLab/ServerLib/basic_source/stdafx.h
shared/common/include/InternalMsg.h	DNFServer/GameServer/ServerLab/ServerLib/basic_source/Thread.h
shared/common/include/InternalMsg.h	shared/common/include/MsgCell.h
DNFServer/GameServer/ServerLab/Auction/AuctionServer/GameData/auction/dictionary/Search.h	shared/common/include/AuctionPacket.h
DNFServer/GameServer/ServerLab/ServerLib/common_source/ServiceFactory.h	DNFServer/GameServer/ServerLab/ServerLib/common_source/DBConnections.h
DNFServer/GameServer/ServerLab/ServerLib/common_source/ServiceFactory.h	DNFServer/GameServer/ServerLab/ServerLib/common_source/DataPools.h
DNFServer/GameServer/ServerLab/ServerLib/common_source/ServiceFactory.h	DNFServer/GameServer/ServerLab/ServerLib/common_source/Dispatchers.h
DNFServer/GameServer/ServerLab/ServerLib/common_source/ServiceFactory.h	DNFServer/GameServer/ServerLab/ServerLib/common_source/EncyptTools.h
DNFServer/GameServer/ServerLab/ServerLib/common_source/ServiceFactory.h	DNFServer/GameServer/ServerLab/ServerLib/common_source/IActiveConManager.h
DNFServer/GameServer/ServerLab/ServerLib/common_source/ServiceFactory.h	DNFServer/GameServer/ServerLab/ServerLib/common_source/IHandlers.h
DNFServer/GameServer/ServerLab/ServerLib/common_source/ServiceFactory.h	DNFServer/GameServer/ServerLab/ServerLib/common_source/PortInfo.h
DNFServer/GameServer/ServerLab/ServerLib/common_source/ServiceFactory.h	DNFServer/GameServer/ServerLab/ServerLib/common_source/Reactor.h
DNFServer/GameServer/ServerLab/ServerLib/common_source/ServiceFactory.h	DNFServer/GameServer/ServerLab/ServerLib/common_source/Threads.h
DNFServer/GameServer/ServerLab/ServerLib/common_source/TCPSendThread.h	DNFServer/GameServer/ServerLab/ServerLib/basic_source/Thread.h
DNFServer/GameServer/ServerLab/Auction/AuctionServer/GameData/Character.h	DNFServer/GameServer/ServerLab/Auction/AuctionServer/GameData/IState.h
DNFServer/GameServer/ServerLab/Auction/AuctionServer/GameData/Character.h	DNFServer/GameServer/ServerLab/ServerLib/common_source/ISession.h
DNFServer/GameServer/ServerLab/ServerLib/basic_source/TEA.h	DNFServer/GameServer/ServerLab/ServerLib/basic_source/Method.h
DNFServer/GameServer/ServerLab/Auction/AuctionServer/GameData/auction/dictionary/ExpireTimeDictionary.h	shared/common/include/ObjectPoolByBoostPool.h
DNFServer/GameServer/ServerLab/ServerLib/common_source/TCPSendThread.cpp	DNFServer/GameServer/ServerLab/ServerLib/basic_source/DataPool.h
DNFServer/GameServer/ServerLab/ServerLib/common_source/TCPSendThread.cpp	DNFServer/GameServer/ServerLab/ServerLib/basic_source/TCPUser.h
DNFServer/GameServer/ServerLab/ServerLib/common_source/TCPSendThread.cpp	DNFServer/GameServer/ServerLab/ServerLib/basic_source/TraceLog.h
DNFServer/GameServer/ServerLab/ServerLib/common_source/TCPSendThread.cpp	DNFServer/GameServer/ServerLab/ServerLib/common_source/CommonDataPool.h
DNFServer/GameServer/ServerLab/ServerLib/common_source/TCPSendThread.cpp	DNFServer/GameServer/ServerLab/ServerLib/common_source/ServiceFactory.h
DNFServer/GameServer/ServerLab/ServerLib/common_source/TCPSendThread.cpp	DNFServer/GameServer/ServerLab/ServerLib/common_source/TCPSendThread.h
DNFServer/GameServer/ServerLab/ServerLib/common_source/TCPSendThread.cpp	DNFServer/GameServer/ServerLab/ServerLib/common_source/Threads.h
DNFServer/GameServer/ServerLab/ServerLib/common_source/TCPSendThread.cpp	shared/common/include/Message.h
DNFServer/GameServer/ServerLab/ServerLib/common_source/TCPSendThread.cpp	shared/common/include/PacketDesign.h
DNFServer/GameServer/ServerLab/ServerLib/common_source/TCPSendThread.cpp	shared/common/include/TMsgCell.h
DNFServer/GameServer/ServerLab/Auction/AuctionServer/GameData/auction/Auction.cpp	DNFServer/GameServer/ServerLab/AppCommon/AuctionCommon/ServiceError.h
DNFServer/GameServer/ServerLab/Auction/AuctionServer/GameData/auction/Auction.cpp	DNFServer/GameServer/ServerLab/Auction/AuctionServer/GameData/auction/Auction.h
DNFServer/GameServer/ServerLab/Auction/AuctionServer/GameData/auction/Auction.cpp	DNFServer/GameServer/ServerLab/Auction/AuctionServer/GameData/auction/dictionary/AuctionDictionary.h
DNFServer/GameServer/ServerLab/Auction/AuctionServer/GameData/auction/Auction.cpp	DNFServer/GameServer/ServerLab/ServerLib/basic_source/Script.h
DNFServer/GameServer/ServerLab/Auction/AuctionServer/GameData/auction/Auction.cpp	DNFServer/GameServer/ServerLab/ServerLib/basic_source/TraceLog.h
DNFServer/GameServer/ServerLab/Auction/AuctionServer/GameData/auction/Auction.cpp	DNFServer/GameServer/ServerLab/ServerLib/common_source/CommonDataPool.h
DNFServer/GameServer/ServerLab/Auction/AuctionServer/GameData/auction/Auction.cpp	DNFServer/GameServer/ServerLab/ServerLib/common_source/NSLDBThread.h
DNFServer/GameServer/ServerLab/Auction/AuctionServer/GameData/auction/Auction.cpp	DNFServer/GameServer/ServerLab/ServerLib/common_source/ServiceFactory.h
DNFServer/GameServer/ServerLab/Auction/AuctionServer/GameData/auction/Auction.cpp	DNFServer/ServerCommon/DNFFunctionLib.h
DNFServer/GameServer/ServerLab/Auction/AuctionServer/GameData/auction/Auction.cpp	shared/common/include/AuctionPacket.h
DNFServer/GameServer/ServerLab/Auction/AuctionServer/GameData/auction/Auction.cpp	shared/common/include/DBTransactionDesign.h
DNFServer/GameServer/ServerLab/Auction/AuctionServer/GameData/auction/Auction.cpp	shared/common/include/Message.h
DNFServer/GameServer/ServerLab/Auction/AuctionServer/GameData/auction/Auction.cpp	shared/common/include/ObjectPoolByBoostPool.h
DNFServer/GameServer/ServerLab/ServerLib/common_source/IHandlers.h	DNFServer/GameServer/ServerLab/ServerLib/common_source/IHandler.h
DNFServer/GameServer/ServerLab/ServerLib/common_source/TimerThread.h	DNFServer/GameServer/ServerLab/ServerLib/basic_source/Thread.h
DNFServer/GameServer/ServerLab/ServerLib/common_source/TimerThread.h	DNFServer/GameServer/ServerLab/ServerLib/common_source/TimeManager.h
DNFServer/GameServer/ServerLab/ServerLib/common_source/TimerThread.h	shared/common/include/Message.h
DNFServer/GameServer/ServerLab/ServerLib/common_source/LogSendThread.h	DNFServer/GameServer/ServerLab/ServerLib/basic_source/Thread.h
DNFServer/GameServer/ServerLab/ServerLib/common_source/DBConnection.cpp	DNFServer/GameServer/ServerLab/ServerLib/basic_source/TraceLog.h
DNFServer/GameServer/ServerLab/ServerLib/common_source/DBConnection.cpp	DNFServer/GameServer/ServerLab/ServerLib/common_source/DBConnection.h
DNFServer/GameServer/ServerLab/ServerLib/common_source/DBConnection.cpp	Library3rd/MySQL/include/errmsg.h
DNFServer/GameServer/ServerLab/ServerLib/basic_source/Thread.h	DNFServer/GameServer/ServerLab/ServerLib/basic_source/System.h
DNFServer/GameServer/ServerLab/ServerLib/basic_source/Thread.h	DNFServer/GameServer/ServerLab/ServerLib/basic_source/ThreadLock.h
DNFServer/GameServer/ServerLab/Auction/AuctionServer/GameData/auction/dictionary/ExpireTimeDictionary.cpp	DNFServer/GameServer/ServerLab/Auction/AuctionServer/GameData/auction/dictionary/ExpireTimeDictionary.h
shared/common/include/MsgCell.h	shared/common/include/DBTransactionDesign.h
shared/common/include/MsgCell.h	shared/common/include/InternalMsgDesign.h
shared/common/include/MsgCell.h	shared/common/include/PacketDesign.h
DNFServer/GameServer/ServerLab/ServerLib/basic_source/TCPUser.cpp	DNFServer/GameServer/ServerLab/ServerLib/basic_source/DataPool.h
DNFServer/GameServer/ServerLab/ServerLib/basic_source/TCPUser.cpp	DNFServer/GameServer/ServerLab/ServerLib/basic_source/RecvBuffer.h
DNFServer/GameServer/ServerLab/ServerLib/basic_source/TCPUser.cpp	DNFServer/GameServer/ServerLab/ServerLib/basic_source/Script.h
DNFServer/GameServer/ServerLab/ServerLib/basic_source/TCPUser.cpp	DNFServer/GameServer/ServerLab/ServerLib/basic_source/TCPSocket.h
DNFServer/GameServer/ServerLab/ServerLib/basic_source/TCPUser.cpp	DNFServer/GameServer/ServerLab/ServerLib/basic_source/TCPUser.h
DNFServer/GameServer/ServerLab/ServerLib/basic_source/TCPUser.cpp	DNFServer/GameServer/ServerLab/ServerLib/basic_source/TraceLog.h
DNFServer/GameServer/ServerLab/ServerLib/basic_source/TCPUser.cpp	DNFServer/GameServer/ServerLab/ServerLib/basic_source/WorkThread.h
DNFServer/GameServer/ServerLab/ServerLib/basic_source/TCPUser.cpp	DNFServer/GameServer/ServerLab/ServerLib/common_source/DataPools.h
DNFServer/GameServer/ServerLab/ServerLib/basic_source/TCPUser.cpp	DNFServer/GameServer/ServerLab/ServerLib/common_source/ISession.h
DNFServer/GameServer/ServerLab/ServerLib/basic_source/TCPUser.cpp	DNFServer/GameServer/ServerLab/ServerLib/common_source/ServiceFactory.h
DNFServer/GameServer/ServerLab/Auction/AuctionServer/GameData/StatisticsCollector.cpp	DNFServer/GameServer/ServerLab/AppCommon/AuctionCommon/ServiceError.h
DNFServer/GameServer/ServerLab/Auction/AuctionServer/GameData/StatisticsCollector.cpp	DNFServer/GameServer/ServerLab/Auction/AuctionServer/GameData/StatisticsCollector.h
DNFServer/GameServer/ServerLab/Auction/AuctionServer/GameData/StatisticsCollector.cpp	DNFServer/GameServer/ServerLab/ServerLib/basic_source/Script.h
DNFServer/GameServer/ServerLab/Auction/AuctionServer/GameData/StatisticsCollector.cpp	DNFServer/GameServer/ServerLab/ServerLib/basic_source/TraceLog.h
DNFServer/GameServer/ServerLab/Auction/AuctionServer/GameData/StatisticsCollector.cpp	DNFServer/GameServer/ServerLab/ServerLib/basic_source/WorkThread.h
DNFServer/GameServer/ServerLab/Auction/AuctionServer/GameData/StatisticsCollector.cpp	DNFServer/GameServer/ServerLab/ServerLib/common_source/NSLDBThread.h
DNFServer/GameServer/ServerLab/Auction/AuctionServer/GameData/StatisticsCollector.cpp	DNFServer/GameServer/ServerLab/ServerLib/common_source/ServiceFactory.h
DNFServer/GameServer/ServerLab/Auction/AuctionServer/GameData/StatisticsCollector.cpp	DNFServer/GameServer/ServerLab/ServerLib/common_source/Threads.h
DNFServer/GameServer/ServerLab/ServerLib/basic_source/Token.cpp	DNFServer/GameServer/ServerLab/ServerLib/basic_source/Token.h
DNFServer/GameServer/ServerLab/Auction/AuctionServer/GameData/Character.cpp	DNFServer/GameServer/ServerLab/Auction/AuctionServer/GameData/Character.h
DNFServer/GameServer/ServerLab/Auction/AuctionServer/GameData/Character.cpp	DNFServer/GameServer/ServerLab/Auction/AuctionServer/GameData/Zone.h
DNFServer/GameServer/ServerLab/Auction/AuctionServer/GameData/Character.cpp	DNFServer/GameServer/ServerLab/Auction/AuctionServer/auction_source/InterHandler.h
DNFServer/GameServer/ServerLab/Auction/AuctionServer/GameData/Character.cpp	DNFServer/GameServer/ServerLab/ServerLib/basic_source/GlobalInstance.h
DNFServer/GameServer/ServerLab/Auction/AuctionServer/GameData/Character.cpp	DNFServer/GameServer/ServerLab/ServerLib/basic_source/TCPUser.h
DNFServer/GameServer/ServerLab/Auction/AuctionServer/GameData/Character.cpp	DNFServer/GameServer/ServerLab/ServerLib/basic_source/WorkThread.h
DNFServer/GameServer/ServerLab/Auction/AuctionServer/GameData/Character.cpp	DNFServer/GameServer/ServerLab/ServerLib/common_source/ActiveNetClose.h
DNFServer/GameServer/ServerLab/Auction/AuctionServer/GameData/Character.cpp	DNFServer/GameServer/ServerLab/ServerLib/common_source/CommonDataPool.h
DNFServer/GameServer/ServerLab/Auction/AuctionServer/GameData/Character.cpp	DNFServer/GameServer/ServerLab/ServerLib/common_source/ServiceFactory.h
DNFServer/GameServer/ServerLab/Auction/AuctionServer/GameData/Character.cpp	DNFServer/GameServer/ServerLab/ServerLib/common_source/TActiveConnect.h
DNFServer/GameServer/ServerLab/Auction/AuctionServer/GameData/Character.cpp	shared/common/include/InternalMsgDesign.h
DNFServer/GameServer/ServerLab/Auction/AuctionServer/GameData/Character.cpp	shared/common/include/Message.h
DNFServer/GameServer/ServerLab/ServerLib/common_source/ServiceFactory.cpp	DNFServer/GameServer/ServerLab/ServerLib/basic_source/DataPool.h
DNFServer/GameServer/ServerLab/ServerLib/common_source/ServiceFactory.cpp	DNFServer/GameServer/ServerLab/ServerLib/basic_source/Script.h
DNFServer/GameServer/ServerLab/ServerLib/common_source/ServiceFactory.cpp	DNFServer/GameServer/ServerLab/ServerLib/basic_source/System.h
DNFServer/GameServer/ServerLab/ServerLib/common_source/ServiceFactory.cpp	DNFServer/GameServer/ServerLab/ServerLib/basic_source/TCPSocket.h
DNFServer/GameServer/ServerLab/ServerLib/common_source/ServiceFactory.cpp	DNFServer/GameServer/ServerLab/ServerLib/basic_source/TraceLog.h
DNFServer/GameServer/ServerLab/ServerLib/common_source/ServiceFactory.cpp	DNFServer/GameServer/ServerLab/ServerLib/basic_source/WorkThread.h
DNFServer/GameServer/ServerLab/ServerLib/common_source/ServiceFactory.cpp	DNFServer/GameServer/ServerLab/ServerLib/common_source/DBConnection.h
DNFServer/GameServer/ServerLab/ServerLib/common_source/ServiceFactory.cpp	DNFServer/GameServer/ServerLab/ServerLib/common_source/DBDispatcher.h
DNFServer/GameServer/ServerLab/ServerLib/common_source/ServiceFactory.cpp	DNFServer/GameServer/ServerLab/ServerLib/common_source/EncyptTools.h
DNFServer/GameServer/ServerLab/ServerLib/common_source/ServiceFactory.cpp	DNFServer/GameServer/ServerLab/ServerLib/common_source/InterDispatcher.h
DNFServer/GameServer/ServerLab/ServerLib/common_source/ServiceFactory.cpp	DNFServer/GameServer/ServerLab/ServerLib/common_source/NSLDBThread.h
DNFServer/GameServer/ServerLab/ServerLib/common_source/ServiceFactory.cpp	DNFServer/GameServer/ServerLab/ServerLib/common_source/ServiceFactory.h
DNFServer/GameServer/ServerLab/ServerLib/common_source/ServiceFactory.cpp	DNFServer/GameServer/ServerLab/ServerLib/common_source/TActiveConnect.h
DNFServer/GameServer/ServerLab/ServerLib/common_source/ServiceFactory.cpp	DNFServer/GameServer/ServerLab/ServerLib/common_source/TCPDispatcher.h
DNFServer/GameServer/ServerLab/ServerLib/common_source/ServiceFactory.cpp	DNFServer/GameServer/ServerLab/ServerLib/common_source/TCPSendThread.h
DNFServer/GameServer/ServerLab/ServerLib/common_source/ServiceFactory.cpp	DNFServer/GameServer/ServerLab/ServerLib/common_source/TCPThread.h
DNFServer/GameServer/ServerLab/ServerLib/common_source/ServiceFactory.cpp	DNFServer/GameServer/ServerLab/ServerLib/common_source/Threads.h
DNFServer/GameServer/ServerLab/ServerLib/common_source/ServiceFactory.cpp	DNFServer/GameServer/ServerLab/ServerLib/common_source/TimerThread.h
DNFServer/GameServer/ServerLab/ServerLib/common_source/ServiceFactory.cpp	shared/common/include/Message.h
DNFServer/GameServer/ServerLab/ServerLib/basic_source/TraceLog.cpp	DNFServer/GameServer/ServerLab/ServerLib/basic_source/Script.h
DNFServer/GameServer/ServerLab/ServerLib/basic_source/TraceLog.cpp	DNFServer/GameServer/ServerLab/ServerLib/basic_source/TraceLog.h
DNFServer/GameServer/ServerLab/ServerLib/basic_source/TraceLog.cpp	DNFServer/GameServer/ServerLab/ServerLib/common_source/LogSendThread.h
DNFServer/GameServer/ServerLab/ServerLib/common_source/TActiveConnect.cpp	DNFServer/GameServer/ServerLab/ServerLib/basic_source/DataPool.h
DNFServer/GameServer/ServerLab/ServerLib/common_source/TActiveConnect.cpp	DNFServer/GameServer/ServerLab/ServerLib/basic_source/TCPSocket.h
DNFServer/GameServer/ServerLab/ServerLib/common_source/TActiveConnect.cpp	DNFServer/GameServer/ServerLab/ServerLib/basic_source/TCPUser.h
DNFServer/GameServer/ServerLab/ServerLib/common_source/TActiveConnect.cpp	DNFServer/GameServer/ServerLab/ServerLib/basic_source/ThreadLock.h
DNFServer/GameServer/ServerLab/ServerLib/common_source/TActiveConnect.cpp	DNFServer/GameServer/ServerLab/ServerLib/basic_source/TraceLog.h
DNFServer/GameServer/ServerLab/ServerLib/common_source/TActiveConnect.cpp	DNFServer/GameServer/ServerLab/ServerLib/common_source/Reactor.h
DNFServer/GameServer/ServerLab/ServerLib/common_source/TActiveConnect.cpp	DNFServer/GameServer/ServerLab/ServerLib/common_source/ServiceFactory.h
DNFServer/GameServer/ServerLab/ServerLib/common_source/TActiveConnect.cpp	DNFServer/GameServer/ServerLab/ServerLib/common_source/TActiveConnect.h
DNFServer/GameServer/ServerLab/Auction/AuctionServer/auction_source/HandlerFor_GP_JPN.h	DNFServer/GameServer/ServerLab/Auction/AuctionServer/GameData/auction/Auction.h
DNFServer/GameServer/ServerLab/Auction/AuctionServer/auction_source/HandlerFor_GP_JPN.h	DNFServer/GameServer/ServerLab/ServerLib/common_source/IHandler.h
DNFServer/GameServer/ServerLab/Auction/AuctionServer/auction_source/HandlerFor_GP_JPN.h	shared/common/include/AuctionPacket.h
DNFServer/GameServer/ServerLab/ServerLib/common_source/TCPThread.h	DNFServer/GameServer/ServerLab/ServerLib/basic_source/Thread.h
DNFServer/GameServer/ServerLab/Auction/AuctionServer/auction_source/InterHandler.h	DNFServer/GameServer/ServerLab/ServerLib/common_source/IHandler.h
DNFServer/GameServer/ServerLab/Auction/AuctionServer/GameData/Zone.cpp	DNFServer/GameServer/ServerLab/Auction/AuctionServer/GameData/Zone.h
DNFServer/GameServer/ServerLab/Auction/AuctionServer/GameData/Zone.cpp	DNFServer/GameServer/ServerLab/ServerLib/basic_source/GlobalInstance.h
DNFServer/GameServer/ServerLab/Auction/AuctionServer/auction_source/HandlerFor_TE_.cpp	DNFServer/GameServer/ServerLab/Auction/AuctionServer/GameData/GameDataPool.h
DNFServer/GameServer/ServerLab/Auction/AuctionServer/auction_source/HandlerFor_TE_.cpp	DNFServer/GameServer/ServerLab/Auction/AuctionServer/GameData/StatisticsCollector.h
DNFServer/GameServer/ServerLab/Auction/AuctionServer/auction_source/HandlerFor_TE_.cpp	DNFServer/GameServer/ServerLab/Auction/AuctionServer/GameData/Zone.h
DNFServer/GameServer/ServerLab/Auction/AuctionServer/auction_source/HandlerFor_TE_.cpp	DNFServer/GameServer/ServerLab/Auction/AuctionServer/GameData/auction/Auction.h
DNFServer/GameServer/ServerLab/Auction/AuctionServer/auction_source/HandlerFor_TE_.cpp	DNFServer/GameServer/ServerLab/Auction/AuctionServer/auction_source/HandlerFor_TE_.h
DNFServer/GameServer/ServerLab/Auction/AuctionServer/auction_source/HandlerFor_TE_.cpp	DNFServer/GameServer/ServerLab/ServerLib/basic_source/LinuxService.h
DNFServer/GameServer/ServerLab/Auction/AuctionServer/auction_source/HandlerFor_TE_.cpp	DNFServer/GameServer/ServerLab/ServerLib/basic_source/TCPUser.h
DNFServer/GameServer/ServerLab/Auction/AuctionServer/auction_source/HandlerFor_TE_.cpp	DNFServer/GameServer/ServerLab/ServerLib/basic_source/TraceLog.h
DNFServer/GameServer/ServerLab/Auction/AuctionServer/auction_source/HandlerFor_TE_.cpp	DNFServer/GameServer/ServerLab/ServerLib/basic_source/WorkThread.h
DNFServer/GameServer/ServerLab/Auction/AuctionServer/auction_source/HandlerFor_TE_.cpp	DNFServer/GameServer/ServerLab/ServerLib/common_source/IArea.h
DNFServer/GameServer/ServerLab/Auction/AuctionServer/auction_source/HandlerFor_TE_.cpp	DNFServer/GameServer/ServerLab/ServerLib/common_source/ISession.h
DNFServer/GameServer/ServerLab/Auction/AuctionServer/auction_source/HandlerFor_TE_.cpp	DNFServer/GameServer/ServerLab/ServerLib/common_source/NSLDBThread.h
DNFServer/GameServer/ServerLab/Auction/AuctionServer/auction_source/HandlerFor_TE_.cpp	DNFServer/GameServer/ServerLab/ServerLib/common_source/ServiceFactory.h
DNFServer/GameServer/ServerLab/Auction/AuctionServer/auction_source/HandlerFor_TE_.cpp	DNFServer/GameServer/ServerLab/ServerLib/common_source/TCPSendThread.h
DNFServer/GameServer/ServerLab/Auction/AuctionServer/auction_source/HandlerFor_TE_.cpp	DNFServer/GameServer/ServerLab/ServerLib/common_source/Threads.h
DNFServer/GameServer/ServerLab/Auction/AuctionServer/auction_source/HandlerFor_TE_.cpp	DNFServer/GameServer/ServerLab/ServerLib/common_source/TimerThread.h
DNFServer/GameServer/ServerLab/Auction/AuctionServer/auction_source/HandlerFor_TE_.cpp	shared/common/include/DBTransactionDesign.h
DNFServer/GameServer/ServerLab/Auction/AuctionServer/auction_source/HandlerFor_TE_.cpp	shared/common/include/Message.h
DNFServer/GameServer/ServerLab/Auction/AuctionServer/auction_source/HandlerFor_TE_.cpp	shared/common/include/PacketDesign.h
DNFServer/GameServer/ServerLab/Auction/AuctionServer/auction_source/InterHandler.cpp	DNFServer/GameServer/ServerLab/AppCommon/AuctionCommon/ServiceError.h
DNFServer/GameServer/ServerLab/Auction/AuctionServer/auction_source/InterHandler.cpp	DNFServer/GameServer/ServerLab/Auction/AuctionServer/GameData/Character.h
DNFServer/GameServer/ServerLab/Auction/AuctionServer/auction_source/InterHandler.cpp	DNFServer/GameServer/ServerLab/Auction/AuctionServer/GameData/GameDataPool.h
DNFServer/GameServer/ServerLab/Auction/AuctionServer/auction_source/InterHandler.cpp	DNFServer/GameServer/ServerLab/Auction/AuctionServer/GameData/Zone.h
DNFServer/GameServer/ServerLab/Auction/AuctionServer/auction_source/InterHandler.cpp	DNFServer/GameServer/ServerLab/Auction/AuctionServer/GameData/auction/Auction.h
DNFServer/GameServer/ServerLab/Auction/AuctionServer/auction_source/InterHandler.cpp	DNFServer/GameServer/ServerLab/Auction/AuctionServer/auction_source/HandlerFor_TE_.h
DNFServer/GameServer/ServerLab/Auction/AuctionServer/auction_source/InterHandler.cpp	DNFServer/GameServer/ServerLab/Auction/AuctionServer/auction_source/InterHandler.h
DNFServer/GameServer/ServerLab/Auction/AuctionServer/auction_source/InterHandler.cpp	DNFServer/GameServer/ServerLab/ServerLib/basic_source/TCPUser.h
DNFServer/GameServer/ServerLab/Auction/AuctionServer/auction_source/InterHandler.cpp	DNFServer/GameServer/ServerLab/ServerLib/basic_source/TraceLog.h
DNFServer/GameServer/ServerLab/Auction/AuctionServer/auction_source/InterHandler.cpp	DNFServer/GameServer/ServerLab/ServerLib/basic_source/WorkThread.h
DNFServer/GameServer/ServerLab/Auction/AuctionServer/auction_source/InterHandler.cpp	DNFServer/GameServer/ServerLab/ServerLib/common_source/CommonDataPool.h
DNFServer/GameServer/ServerLab/Auction/AuctionServer/auction_source/InterHandler.cpp	DNFServer/GameServer/ServerLab/ServerLib/common_source/DataPools.h
DNFServer/GameServer/ServerLab/Auction/AuctionServer/auction_source/InterHandler.cpp	DNFServer/GameServer/ServerLab/ServerLib/common_source/NSLDBThread.h
DNFServer/GameServer/ServerLab/Auction/AuctionServer/auction_source/InterHandler.cpp	DNFServer/GameServer/ServerLab/ServerLib/common_source/ServiceFactory.h
DNFServer/GameServer/ServerLab/Auction/AuctionServer/auction_source/InterHandler.cpp	DNFServer/GameServer/ServerLab/ServerLib/common_source/TCPSendThread.h
DNFServer/GameServer/ServerLab/Auction/AuctionServer/auction_source/InterHandler.cpp	DNFServer/GameServer/ServerLab/ServerLib/common_source/Threads.h
DNFServer/GameServer/ServerLab/Auction/AuctionServer/auction_source/InterHandler.cpp	DNFServer/GameServer/ServerLab/ServerLib/common_source/TimerThread.h
DNFServer/GameServer/ServerLab/Auction/AuctionServer/auction_source/InterHandler.cpp	shared/common/include/DBTransactionDesign.h
DNFServer/GameServer/ServerLab/Auction/AuctionServer/auction_source/InterHandler.cpp	shared/common/include/InternalMsgDesign.h
DNFServer/GameServer/ServerLab/Auction/AuctionServer/auction_source/InterHandler.cpp	shared/common/include/Message.h
DNFServer/GameServer/ServerLab/Auction/AuctionServer/auction_source/InterHandler.cpp	shared/common/include/PacketDesign.h
DNFServer/GameServer/ServerLab/Auction/AuctionServer/auction_source/InterHandler.cpp	shared/common/include/TE_Entity.h
DNFServer/GameServer/ServerLab/ServerLib/common_source/IHandler.cpp	DNFServer/GameServer/ServerLab/ServerLib/common_source/IHandler.h
DNFServer/GameServer/ServerLab/ServerLib/common_source/IHandler.cpp	DNFServer/GameServer/ServerLab/ServerLib/common_source/ServiceFactory.h
DNFServer/GameServer/ServerLab/ServerLib/common_source/IHandler.cpp	DNFServer/GameServer/ServerLab/ServerLib/common_source/TCPSendThread.h
DNFServer/GameServer/ServerLab/ServerLib/common_source/IHandler.cpp	DNFServer/GameServer/ServerLab/ServerLib/common_source/Threads.h
DNFServer/GameServer/ServerLab/Auction/AuctionServer/auction_source/HandlerFor_TE_.h	DNFServer/GameServer/ServerLab/ServerLib/common_source/IHandler.h
DNFServer/GameServer/ServerLab/Auction/AuctionServer/auction_source/HandlerFor_TE_.h	shared/common/include/TE_Entity.h
shared/common/include/InternalMsgDesign.h	shared/common/include/PacketDesign.h
DNFServer/GameServer/ServerLab/ServerLib/basic_source/Socket.cpp	DNFServer/GameServer/ServerLab/ServerLib/basic_source/Script.h
DNFServer/GameServer/ServerLab/ServerLib/basic_source/Socket.cpp	DNFServer/GameServer/ServerLab/ServerLib/basic_source/TCPSocket.h
DNFServer/GameServer/ServerLab/ServerLib/basic_source/Socket.cpp	DNFServer/GameServer/ServerLab/ServerLib/basic_source/TraceLog.h
DNFServer/GameServer/ServerLab/ServerLib/common_source/IArea.cpp	DNFServer/GameServer/ServerLab/ServerLib/basic_source/TraceLog.h
DNFServer/GameServer/ServerLab/ServerLib/common_source/IArea.cpp	DNFServer/GameServer/ServerLab/ServerLib/common_source/IArea.h
DNFServer/GameServer/ServerLab/ServerLib/common_source/IArea.cpp	DNFServer/GameServer/ServerLab/ServerLib/common_source/ISession.h
DNFServer/GameServer/ServerLab/ServerLib/basic_source/RecvBuffer.h	DNFServer/GameServer/ServerLab/ServerLib/basic_source/ThreadLock.h
shared/common/include/RBTree.h	DNFServer/GameServer/ServerLab/ServerLib/basic_source/TraceLog.h
DNFServer/GameServer/ServerLab/ServerLib/common_source/TimeManager.h	shared/common/include/RBTree.h
shared/common/include/TMsgCell.h	shared/common/include/MsgCell.h
DNFServer/GameServer/ServerLab/Auction/AuctionServer/GameData/auction/dictionary/CharacterDictionary.cpp	DNFServer/GameServer/ServerLab/Auction/AuctionServer/GameData/auction/dictionary/CharacterDictionary.h
DNFServer/GameServer/ServerLab/Auction/AuctionServer/GameData/ServerLibrary2.0.cpp	DNFServer/GameServer/ServerLab/AppCommon/AuctionCommon/ServiceError.h
DNFServer/GameServer/ServerLab/Auction/AuctionServer/GameData/ServerLibrary2.0.cpp	DNFServer/GameServer/ServerLab/Auction/AuctionServer/GameData/GameDataPool.h
DNFServer/GameServer/ServerLab/Auction/AuctionServer/GameData/ServerLibrary2.0.cpp	DNFServer/GameServer/ServerLab/Auction/AuctionServer/GameData/ServerLibrary2.0.h
DNFServer/GameServer/ServerLab/Auction/AuctionServer/GameData/ServerLibrary2.0.cpp	DNFServer/GameServer/ServerLab/Auction/AuctionServer/GameData/StatisticsCollector.h
DNFServer/GameServer/ServerLab/Auction/AuctionServer/GameData/ServerLibrary2.0.cpp	DNFServer/GameServer/ServerLab/Auction/AuctionServer/GameData/Zone.h
DNFServer/GameServer/ServerLab/Auction/AuctionServer/GameData/ServerLibrary2.0.cpp	DNFServer/GameServer/ServerLab/Auction/AuctionServer/auction_source/HandlerFor_DB_.h
DNFServer/GameServer/ServerLab/Auction/AuctionServer/GameData/ServerLibrary2.0.cpp	DNFServer/GameServer/ServerLab/Auction/AuctionServer/auction_source/HandlerFor_GA_.h
DNFServer/GameServer/ServerLab/Auction/AuctionServer/GameData/ServerLibrary2.0.cpp	DNFServer/GameServer/ServerLab/Auction/AuctionServer/auction_source/HandlerFor_GP_JPN.h
DNFServer/GameServer/ServerLab/Auction/AuctionServer/GameData/ServerLibrary2.0.cpp	DNFServer/GameServer/ServerLab/Auction/AuctionServer/auction_source/HandlerFor_TE_.h
DNFServer/GameServer/ServerLab/Auction/AuctionServer/GameData/ServerLibrary2.0.cpp	DNFServer/GameServer/ServerLab/Auction/AuctionServer/auction_source/InterHandler.h
DNFServer/GameServer/ServerLab/Auction/AuctionServer/GameData/ServerLibrary2.0.cpp	DNFServer/GameServer/ServerLab/ServerLib/basic_source/Exception.h
DNFServer/GameServer/ServerLab/Auction/AuctionServer/GameData/ServerLibrary2.0.cpp	DNFServer/GameServer/ServerLab/ServerLib/basic_source/Script.h
DNFServer/GameServer/ServerLab/Auction/AuctionServer/GameData/ServerLibrary2.0.cpp	DNFServer/GameServer/ServerLab/ServerLib/basic_source/SocketSystem.h
DNFServer/GameServer/ServerLab/Auction/AuctionServer/GameData/ServerLibrary2.0.cpp	DNFServer/GameServer/ServerLab/ServerLib/basic_source/TraceLog.h
DNFServer/GameServer/ServerLab/Auction/AuctionServer/GameData/ServerLibrary2.0.cpp	DNFServer/GameServer/ServerLab/ServerLib/basic_source/WorkThread.h
DNFServer/GameServer/ServerLab/Auction/AuctionServer/GameData/ServerLibrary2.0.cpp	DNFServer/GameServer/ServerLab/ServerLib/common_source/CommonDataPool.h
DNFServer/GameServer/ServerLab/Auction/AuctionServer/GameData/ServerLibrary2.0.cpp	DNFServer/GameServer/ServerLab/ServerLib/common_source/DBConnection.h
DNFServer/GameServer/ServerLab/Auction/AuctionServer/GameData/ServerLibrary2.0.cpp	DNFServer/GameServer/ServerLab/ServerLib/common_source/ServiceFactory.h
DNFServer/GameServer/ServerLab/Auction/AuctionServer/GameData/ServerLibrary2.0.cpp	DNFServer/GameServer/ServerLab/ServerLib/common_source/TCPDispatcher.h
DNFServer/GameServer/ServerLab/Auction/AuctionServer/GameData/ServerLibrary2.0.cpp	shared/common/include/InternalMsgDesign.h
DNFServer/GameServer/ServerLab/Auction/AuctionServer/GameData/ServerLibrary2.0.cpp	shared/common/include/Message.h
DNFServer/GameServer/ServerLab/ServerLib/basic_source/DataPool.cpp	DNFServer/GameServer/ServerLab/ServerLib/basic_source/DataPool.h
DNFServer/GameServer/ServerLab/ServerLib/basic_source/DataPool.cpp	DNFServer/GameServer/ServerLab/ServerLib/basic_source/TCPSocket.h
DNFServer/GameServer/ServerLab/ServerLib/basic_source/DataPool.cpp	DNFServer/GameServer/ServerLab/ServerLib/basic_source/TCPUser.h
DNFServer/GameServer/ServerLab/ServerLib/basic_source/DataPool.cpp	DNFServer/GameServer/ServerLab/ServerLib/basic_source/TraceLog.h
DNFServer/GameServer/ServerLab/ServerLib/basic_source/DataPool.cpp	DNFServer/GameServer/ServerLab/ServerLib/basic_source/WorkThread.h
DNFServer/GameServer/ServerLab/ServerLib/basic_source/DataPool.cpp	DNFServer/GameServer/ServerLab/ServerLib/common_source/ISession.h
DNFServer/GameServer/ServerLab/ServerLib/basic_source/DataPool.cpp	DNFServer/GameServer/ServerLab/ServerLib/common_source/Reactor.h
DNFServer/GameServer/ServerLab/ServerLib/basic_source/DataPool.cpp	DNFServer/GameServer/ServerLab/ServerLib/common_source/ServiceFactory.h
DNFServer/GameServer/ServerLab/ServerLib/basic_source/DataPool.cpp	shared/common/include/Message.h
DNFServer/GameServer/ServerLab/ServerLib/basic_source/DataPool.cpp	shared/common/include/SendBuffer.h
DNFServer/GameServer/ServerLab/ServerLib/common_source/TCPThread.cpp	DNFServer/GameServer/ServerLab/ServerLib/basic_source/DataPool.h
DNFServer/GameServer/ServerLab/ServerLib/common_source/TCPThread.cpp	DNFServer/GameServer/ServerLab/ServerLib/basic_source/Script.h
DNFServer/GameServer/ServerLab/ServerLib/common_source/TCPThread.cpp	DNFServer/GameServer/ServerLab/ServerLib/basic_source/TCPSocket.h
DNFServer/GameServer/ServerLab/ServerLib/common_source/TCPThread.cpp	DNFServer/GameServer/ServerLab/ServerLib/basic_source/TCPUser.h
DNFServer/GameServer/ServerLab/ServerLib/common_source/TCPThread.cpp	DNFServer/GameServer/ServerLab/ServerLib/basic_source/TraceLog.h
DNFServer/GameServer/ServerLab/ServerLib/common_source/TCPThread.cpp	DNFServer/GameServer/ServerLab/ServerLib/common_source/ActiveNetClose.h
DNFServer/GameServer/ServerLab/ServerLib/common_source/TCPThread.cpp	DNFServer/GameServer/ServerLab/ServerLib/common_source/CommonDataPool.h
DNFServer/GameServer/ServerLab/ServerLib/common_source/TCPThread.cpp	DNFServer/GameServer/ServerLab/ServerLib/common_source/Reactor.h
DNFServer/GameServer/ServerLab/ServerLib/common_source/TCPThread.cpp	DNFServer/GameServer/ServerLab/ServerLib/common_source/ServiceFactory.h
DNFServer/GameServer/ServerLab/ServerLib/common_source/TCPThread.cpp	DNFServer/GameServer/ServerLab/ServerLib/common_source/TActiveConnect.h
DNFServer/GameServer/ServerLab/ServerLib/common_source/TCPThread.cpp	DNFServer/GameServer/ServerLab/ServerLib/common_source/TCPSendThread.h
DNFServer/GameServer/ServerLab/ServerLib/common_source/TCPThread.cpp	DNFServer/GameServer/ServerLab/ServerLib/common_source/TCPThread.h
DNFServer/GameServer/ServerLab/ServerLib/common_source/TCPThread.cpp	DNFServer/GameServer/ServerLab/ServerLib/common_source/Threads.h
DNFServer/GameServer/ServerLab/ServerLib/common_source/TCPThread.cpp	shared/common/include/Message.h
DNFServer/GameServer/ServerLab/ServerLib/common_source/TCPThread.cpp	shared/common/include/PacketDesign.h
DNFServer/GameServer/ServerLab/ServerLib/basic_source/TCPUser.h	DNFServer/GameServer/ServerLab/ServerLib/basic_source/RecvBuffer.h
DNFServer/GameServer/ServerLab/ServerLib/basic_source/TCPUser.h	DNFServer/GameServer/ServerLab/ServerLib/basic_source/ThreadLock.h
DNFServer/GameServer/ServerLab/ServerLib/basic_source/TCPUser.h	shared/common/include/Message.h
shared/common/include/ObjectPoolByBoostPool.h	DNFServer/GameServer/ServerLab/ServerLib/basic_source/ThreadLock.h
DNFServer/GameServer/ServerLab/Auction/AuctionServer/GameData/GameDataPool.cpp	DNFServer/GameServer/ServerLab/Auction/AuctionServer/GameData/Character.h
DNFServer/GameServer/ServerLab/Auction/AuctionServer/GameData/GameDataPool.cpp	DNFServer/GameServer/ServerLab/Auction/AuctionServer/GameData/GameDataPool.h
DNFServer/GameServer/ServerLab/Auction/AuctionServer/GameData/GameDataPool.cpp	DNFServer/GameServer/ServerLab/Auction/AuctionServer/auction_source/HandlerFor_TE_.h
DNFServer/GameServer/ServerLab/Auction/AuctionServer/GameData/GameDataPool.cpp	DNFServer/GameServer/ServerLab/ServerLib/common_source/TActiveConnect.h
DNFServer/GameServer/ServerLab/Auction/AuctionServer/GameData/GameDataPool.cpp	shared/common/include/InternalMsg.h
DNFServer/GameServer/ServerLab/Auction/AuctionServer/GameData/DNFFunctionLibWrapper.cpp	DNFServer/GameServer/ServerLab/Auction/AuctionServer/GameData/DNFFunctionLibWrapper.h
DNFServer/GameServer/ServerLab/Auction/AuctionServer/auction_source/HandlerFor_DB_.h	DNFServer/GameServer/ServerLab/Auction/AuctionServer/auction_source/TeaInitialize.h
DNFServer/GameServer/ServerLab/Auction/AuctionServer/auction_source/HandlerFor_DB_.h	DNFServer/GameServer/ServerLab/ServerLib/basic_source/TEA.h
DNFServer/GameServer/ServerLab/Auction/AuctionServer/auction_source/HandlerFor_DB_.h	DNFServer/GameServer/ServerLab/ServerLib/common_source/DBConnection.h
DNFServer/GameServer/ServerLab/Auction/AuctionServer/auction_source/HandlerFor_DB_.h	DNFServer/GameServer/ServerLab/ServerLib/common_source/DBConnections.h
DNFServer/GameServer/ServerLab/Auction/AuctionServer/auction_source/HandlerFor_DB_.h	DNFServer/GameServer/ServerLab/ServerLib/common_source/IHandler.h
DNFServer/GameServer/ServerLab/Auction/AuctionServer/auction_source/HandlerFor_DB_.h	shared/common/include/DBTransactionDesign.h
DNFServer/GameServer/ServerLab/Auction/AuctionServer/auction_source/HandlerFor_DB_.h	shared/common/include/MsgCell.h
DNFServer/GameServer/ServerLab/ServerLib/basic_source/System.cpp	DNFServer/GameServer/ServerLab/ServerLib/basic_source/System.h
DNFServer/GameServer/ServerLab/ServerLib/common_source/TActiveConnect.h	DNFServer/GameServer/ServerLab/ServerLib/basic_source/System.h
DNFServer/GameServer/ServerLab/ServerLib/common_source/TActiveConnect.h	DNFServer/GameServer/ServerLab/ServerLib/basic_source/TCPUser.h
DNFServer/GameServer/ServerLab/ServerLib/common_source/TActiveConnect.h	DNFServer/GameServer/ServerLab/ServerLib/basic_source/ThreadLock.h
DNFServer/GameServer/ServerLab/Auction/AuctionServer/GameData/StatisticsCollector.h	DNFServer/GameServer/ServerLab/ServerLib/basic_source/GlobalInstance.h
DNFServer/GameServer/ServerLab/ServerLib/common_source/ActiveNetClose.h	DNFServer/GameServer/ServerLab/ServerLib/basic_source/ThreadLock.h
DNFServer/GameServer/ServerLab/Auction/AuctionServer/GameData/auction/dictionary/AuctionDictionary.h	DNFServer/GameServer/ServerLab/Auction/AuctionServer/GameData/auction/dictionary/AveragePriceDictionary.h
DNFServer/GameServer/ServerLab/Auction/AuctionServer/GameData/auction/dictionary/AuctionDictionary.h	DNFServer/GameServer/ServerLab/Auction/AuctionServer/GameData/auction/dictionary/CharacterDictionary.h
DNFServer/GameServer/ServerLab/Auction/AuctionServer/GameData/auction/dictionary/AuctionDictionary.h	DNFServer/GameServer/ServerLab/Auction/AuctionServer/GameData/auction/dictionary/ExpireTimeDictionary.h
DNFServer/GameServer/ServerLab/Auction/AuctionServer/GameData/auction/dictionary/AuctionDictionary.h	shared/common/include/AuctionPacket.h
DNFServer/GameServer/ServerLab/Auction/AuctionServer/GameData/auction/dictionary/AuctionDictionary.h	shared/common/include/ObjectPoolByBoostPool.h
DNFServer/ServerCommon/DNFFileLog.h	DNFServer/ServerCommon/Thread.h
DNFServer/GameServer/ServerLab/ServerLib/common_source/NSLDBThread.cpp	DNFServer/GameServer/ServerLab/ServerLib/basic_source/DataPool.h
DNFServer/GameServer/ServerLab/ServerLib/common_source/NSLDBThread.cpp	DNFServer/GameServer/ServerLab/ServerLib/common_source/CommonDataPool.h
DNFServer/GameServer/ServerLab/ServerLib/common_source/NSLDBThread.cpp	DNFServer/GameServer/ServerLab/ServerLib/common_source/DBDispatcher.h
DNFServer/GameServer/ServerLab/ServerLib/common_source/NSLDBThread.cpp	DNFServer/GameServer/ServerLab/ServerLib/common_source/Dispatchers.h
DNFServer/GameServer/ServerLab/ServerLib/common_source/NSLDBThread.cpp	DNFServer/GameServer/ServerLab/ServerLib/common_source/NSLDBThread.h
DNFServer/GameServer/ServerLab/ServerLib/common_source/NSLDBThread.cpp	DNFServer/GameServer/ServerLab/ServerLib/common_source/ServiceFactory.h
DNFServer/GameServer/ServerLab/ServerLib/common_source/NSLDBThread.cpp	shared/common/include/DBTransactionDesign.h
DNFServer/GameServer/ServerLab/ServerLib/common_source/NSLDBThread.cpp	shared/common/include/InternalMsgDesign.h
DNFServer/GameServer/ServerLab/ServerLib/common_source/NSLDBThread.cpp	shared/common/include/Message.h
DNFServer/GameServer/ServerLab/ServerLib/common_source/NSLDBThread.cpp	shared/common/include/MsgCell.h
DNFServer/GameServer/ServerLab/Auction/AuctionServer/auction_source/TeaInitialize.cpp	DNFServer/GameServer/ServerLab/Auction/AuctionServer/auction_source/HandlerFor_DB_.h
DNFServer/GameServer/ServerLab/Auction/AuctionServer/auction_source/TeaInitialize.cpp	DNFServer/GameServer/ServerLab/Auction/AuctionServer/auction_source/TeaInitialize.h
DNFServer/GameServer/ServerLab/Auction/AuctionServer/auction_source/TeaInitialize.cpp	DNFServer/GameServer/ServerLab/ServerLib/basic_source/TEA.h
DNFServer/GameServer/ServerLab/ServerLib/basic_source/LinuxService.cpp	DNFServer/GameServer/ServerLab/ServerLib/basic_source/LinuxService.h
DNFServer/GameServer/ServerLab/ServerLib/basic_source/LinuxService.cpp	DNFServer/GameServer/ServerLab/ServerLib/basic_source/Script.h
DNFServer/GameServer/ServerLab/ServerLib/basic_source/LinuxService.cpp	DNFServer/GameServer/ServerLab/ServerLib/basic_source/TraceLog.h
DNFServer/GameServer/ServerLab/Auction/AuctionServer/GameData/AuctionString.cpp	DNFServer/ServerCommon/DNFFunctionLib.h
DNFServer/GameServer/ServerLab/Auction/AuctionServer/GameData/AuctionString.cpp	DNFServer/ServerCommon/ServerXml.h
DNFServer/GameServer/ServerLab/ServerLib/common_source/LogSendThread.cpp	DNFServer/GameServer/ServerLab/ServerLib/basic_source/DataPool.h
DNFServer/GameServer/ServerLab/ServerLib/common_source/LogSendThread.cpp	DNFServer/GameServer/ServerLab/ServerLib/basic_source/System.h
DNFServer/GameServer/ServerLab/ServerLib/common_source/LogSendThread.cpp	DNFServer/GameServer/ServerLab/ServerLib/basic_source/TCPUser.h
DNFServer/GameServer/ServerLab/ServerLib/common_source/LogSendThread.cpp	DNFServer/GameServer/ServerLab/ServerLib/basic_source/TraceLog.h
DNFServer/GameServer/ServerLab/ServerLib/common_source/LogSendThread.cpp	DNFServer/GameServer/ServerLab/ServerLib/common_source/LogSendThread.h
DNFServer/GameServer/ServerLab/ServerLib/common_source/LogSendThread.cpp	DNFServer/GameServer/ServerLab/ServerLib/common_source/ServiceFactory.h
DNFServer/GameServer/ServerLab/ServerLib/common_source/LogSendThread.cpp	DNFServer/GameServer/ServerLab/ServerLib/common_source/TActiveConnect.h
DNFServer/GameServer/ServerLab/ServerLib/common_source/LogSendThread.cpp	shared/common/include/DNFPacket.h
DNFServer/GameServer/ServerLab/ServerLib/common_source/LogSendThread.cpp	shared/common/include/Message.h
DNFServer/GameServer/ServerLab/ServerLib/common_source/CommonDataPool.h	DNFServer/GameServer/ServerLab/ServerLib/basic_source/ThreadLock.h
DNFServer/GameServer/ServerLab/ServerLib/common_source/CommonDataPool.h	shared/common/include/ObjectPoolByBoostPool.h
DNFServer/GameServer/ServerLab/ServerLib/common_source/NSLDBThread.h	DNFServer/GameServer/ServerLab/ServerLib/basic_source/Thread.h
DNFServer/GameServer/ServerLab/ServerLib/basic_source/Thread.cpp	DNFServer/GameServer/ServerLab/ServerLib/basic_source/Exception.h
DNFServer/GameServer/ServerLab/ServerLib/basic_source/Thread.cpp	DNFServer/GameServer/ServerLab/ServerLib/basic_source/Thread.h
DNFServer/GameServer/ServerLab/Auction/AuctionServer/GameData/version.cpp	DNFServer/GameServer/ServerLab/Auction/AuctionServer/GameData/version.h
DNFServer/GameServer/ServerLab/ServerLib/common_source/DBDispatcher.cpp	DNFServer/GameServer/ServerLab/ServerLib/basic_source/TraceLog.h
DNFServer/GameServer/ServerLab/ServerLib/common_source/DBDispatcher.cpp	DNFServer/GameServer/ServerLab/ServerLib/basic_source/WorkThread.h
DNFServer/GameServer/ServerLab/ServerLib/common_source/DBDispatcher.cpp	DNFServer/GameServer/ServerLab/ServerLib/common_source/CommonDataPool.h
DNFServer/GameServer/ServerLab/ServerLib/common_source/DBDispatcher.cpp	DNFServer/GameServer/ServerLab/ServerLib/common_source/DBDispatcher.h
DNFServer/GameServer/ServerLab/ServerLib/common_source/DBDispatcher.cpp	DNFServer/GameServer/ServerLab/ServerLib/common_source/IHandlers.h
DNFServer/GameServer/ServerLab/ServerLib/common_source/DBDispatcher.cpp	DNFServer/GameServer/ServerLab/ServerLib/common_source/ServiceFactory.h
DNFServer/GameServer/ServerLab/ServerLib/common_source/DBDispatcher.cpp	DNFServer/GameServer/ServerLab/ServerLib/common_source/Threads.h
DNFServer/GameServer/ServerLab/ServerLib/common_source/DBDispatcher.cpp	shared/common/include/DBTransactionDesign.h
DNFServer/GameServer/ServerLab/ServerLib/common_source/DBDispatcher.cpp	shared/common/include/InternalMsgDesign.h
DNFServer/GameServer/ServerLab/ServerLib/common_source/DBDispatcher.cpp	shared/common/include/Message.h
DNFServer/GameServer/ServerLab/ServerLib/common_source/DBDispatcher.cpp	shared/common/include/MsgCell.h
DNFServer/ServerCommon/DNFFunctionLib.cpp	DNFServer/ServerCommon/DNFFileLog.h
DNFServer/ServerCommon/DNFFunctionLib.cpp	DNFServer/ServerCommon/DNFFunctionLib.h
DNFServer/GameServer/ServerLab/Auction/AuctionServer/GameData/ServerLibrary2.0.h	DNFServer/GameServer/ServerLab/ServerLib/basic_source/LinuxService.h
shared/common/include/TE_Entity.h	DNFServer/GameServer/ServerLab/ServerLib/common_source/TimerThread.h
shared/common/include/TE_Entity.h	shared/common/include/InternalMsg.h
DNFServer/ServerCommon/ServerXml.cpp	DNFServer/GameServer/ServerLab/Auction/AuctionServer/GameData/auction/AuctionItem.h
DNFServer/ServerCommon/ServerXml.cpp	DNFServer/ServerCommon/DNFFunctionLib.h
DNFServer/ServerCommon/ServerXml.cpp	DNFServer/ServerCommon/ServerXml.h
DNFServer/GameServer/ServerLab/ServerLib/common_source/TimerThread.cpp	DNFServer/GameServer/ServerLab/ServerLib/basic_source/System.h
DNFServer/GameServer/ServerLab/ServerLib/common_source/TimerThread.cpp	DNFServer/GameServer/ServerLab/ServerLib/basic_source/TraceLog.h
DNFServer/GameServer/ServerLab/ServerLib/common_source/TimerThread.cpp	DNFServer/GameServer/ServerLab/ServerLib/common_source/TimerThread.h
DNFServer/GameServer/ServerLab/ServerLib/basic_source/TraceLog.h	DNFServer/GameServer/ServerLab/ServerLib/basic_source/GlobalInstance.h
DNFServer/GameServer/ServerLab/ServerLib/basic_source/TraceLog.h	DNFServer/GameServer/ServerLab/ServerLib/basic_source/ThreadLock.h
DNFServer/ServerCommon/ServerXml.h	DNFServer/ServerCommon/tinyxml.h
shared/common/include/Message.h	shared/common/include/MsgCell.h
shared/common/include/Message.h	shared/common/include/SendBuffer.h
