id	status	mangled	demangled	file	line	report
DNF-DBM-NEAR-0001	NEAR	_ZL16allocStackBufferjPPhPi	allocStackBuffer(unsigned int, unsigned char**, int*)	source/DNFServer/GameServer/DBMW/StackBuffer.cpp	36	function_reports/dbmw/_ZL16allocStackBufferjPPhPi.md
DNF-DBM-DIFF-0001	DIFF	_ZL19freeAllStackBuffersv	freeAllStackBuffers()	source/DNFServer/GameServer/DBMW/StackBuffer.cpp	108	function_reports/dbmw/_ZL19freeAllStackBuffersv.md
DNF-DBM-DIFF-0002	DIFF	_ZN10CAppConfig11Parse_TableEPci	CAppConfig::Parse_Table(char*, int)	source/DNFServer/GameServer/DBMW/DNFAppConfig.cpp	84	function_reports/dbmw/_ZN10CAppConfig11Parse_TableEPci.md
DNF-DBM-NEAR-0002	NEAR	_ZN10CDBManager10InsertMailEjPcS0_jjii	CDBManager::InsertMail(unsigned int, char*, char*, unsigned int, unsigned int, int, int)	source/DNFServer/GameServer/DBMW/DBManager.cpp	1020	function_reports/dbmw/_ZN10CDBManager10InsertMailEjPcS0_jjii.md
DNF-DBM-NEAR-0003	NEAR	_ZN10CDBManager10QueryGuildEhjR27Packet_DB_Reply_Query_Guild	CDBManager::QueryGuild(unsigned char, unsigned int, Packet_DB_Reply_Query_Guild&)	source/DNFServer/GameServer/DBMW/DBManager.cpp	4617	function_reports/dbmw/_ZN10CDBManager10QueryGuildEhjR27Packet_DB_Reply_Query_Guild.md
DNF-DBM-DIFF-0003	DIFF	_ZN10CDBManager11GuildSecedeEP30Packet_DB_Request_Guild_SecedeRjS2_S2_	CDBManager::GuildSecede(Packet_DB_Request_Guild_Secede*, unsigned int&, unsigned int&, unsigned int&)	source/DNFServer/GameServer/DBMW/DBManager.cpp	4063	function_reports/dbmw/_ZN10CDBManager11GuildSecedeEP30Packet_DB_Request_Guild_SecedeRjS2_S2_.md
DNF-DBM-DIFF-0004	DIFF	_ZN10CDBManager11QueryMemberEjR28Packet_DB_Reply_Query_Member	CDBManager::QueryMember(unsigned int, Packet_DB_Reply_Query_Member&)	source/DNFServer/GameServer/DBMW/DBManager.cpp	2492	function_reports/dbmw/_ZN10CDBManager11QueryMemberEjR28Packet_DB_Reply_Query_Member.md
DNF-DBM-DIFF-0005	DIFF	_ZN10CDBManager13SaveGuildInfoEhjR17STGuildDBInfoOnly	CDBManager::SaveGuildInfo(unsigned char, unsigned int, STGuildDBInfoOnly&)	source/DNFServer/GameServer/DBMW/DBManager.cpp	3443	function_reports/dbmw/_ZN10CDBManager13SaveGuildInfoEhjR17STGuildDBInfoOnly.md
DNF-DBM-DIFF-0006	DIFF	_ZN10CDBManager14QueryBuddyInfoEjP13STBuddyDBInfoRh	CDBManager::QueryBuddyInfo(unsigned int, STBuddyDBInfo*, unsigned char&)	source/DNFServer/GameServer/DBMW/DBManager.cpp	6615	function_reports/dbmw/_ZN10CDBManager14QueryBuddyInfoEjP13STBuddyDBInfoRh.md
DNF-DBM-DIFF-0007	DIFF	_ZN10CDBManager14SaveGuildSkillEhjR17STGuildDBInfoOnly	CDBManager::SaveGuildSkill(unsigned char, unsigned int, STGuildDBInfoOnly&)	source/DNFServer/GameServer/DBMW/DBManager.cpp	800	function_reports/dbmw/_ZN10CDBManager14SaveGuildSkillEhjR17STGuildDBInfoOnly.md
DNF-DBM-NEAR-0004	NEAR	_ZN10CDBManager15OnLoadGuildAgitEP25Packet_DB_Load_Guild_AgitR28Packet_Guild_Load_Guild_Agit	CDBManager::OnLoadGuildAgit(Packet_DB_Load_Guild_Agit*, Packet_Guild_Load_Guild_Agit&)	source/DNFServer/GameServer/DBMW/DBManager.cpp	632	function_reports/dbmw/_ZN10CDBManager15OnLoadGuildAgitEP25Packet_DB_Load_Guild_AgitR28Packet_Guild_Load_Guild_Agit.md
DNF-DBM-DIFF-0008	DIFF	_ZN10CDBManager15QueryGuildSkillEhjR27Packet_DB_Reply_Query_Guild	CDBManager::QueryGuildSkill(unsigned char, unsigned int, Packet_DB_Reply_Query_Guild&)	source/DNFServer/GameServer/DBMW/DBManager.cpp	7086	function_reports/dbmw/_ZN10CDBManager15QueryGuildSkillEhjR27Packet_DB_Reply_Query_Guild.md
DNF-DBM-DIFF-0009	DIFF	_ZN10CDBManager15SaveGuildMemberEhjR18STGuildMemerDBInfojh	CDBManager::SaveGuildMember(unsigned char, unsigned int, STGuildMemerDBInfo&, unsigned int, unsigned char)	source/DNFServer/GameServer/DBMW/DBManager.cpp	825	function_reports/dbmw/_ZN10CDBManager15SaveGuildMemberEhjR18STGuildMemerDBInfojh.md
DNF-DBM-DIFF-0010	DIFF	_ZN10CDBManager15SendGuildLetterEijPc	CDBManager::SendGuildLetter(int, unsigned int, char*)	source/DNFServer/GameServer/DBMW/DBManager.cpp	490	function_reports/dbmw/_ZN10CDBManager15SendGuildLetterEijPc.md
DNF-DBM-DIFF-0011	DIFF	_ZN10CDBManager16OnLoadGuildBoardEiRiP18STGuildBoardDBInfo	CDBManager::OnLoadGuildBoard(int, int&, STGuildBoardDBInfo*)	source/DNFServer/GameServer/DBMW/DBManager.cpp	5467	function_reports/dbmw/_ZN10CDBManager16OnLoadGuildBoardEiRiP18STGuildBoardDBInfo.md
DNF-DBM-DIFF-0012	DIFF	_ZN10CDBManager16QueryGuildCreateEP32Packet_DBMW_Request_Guild_CreateRjS2_	CDBManager::QueryGuildCreate(Packet_DBMW_Request_Guild_Create*, unsigned int&, unsigned int&)	source/DNFServer/GameServer/DBMW/DBManager.cpp	4320	function_reports/dbmw/_ZN10CDBManager16QueryGuildCreateEP32Packet_DBMW_Request_Guild_CreateRjS2_.md
DNF-DBM-DIFF-0013	DIFF	_ZN10CDBManager16SaveMemberInsertEjjh	CDBManager::SaveMemberInsert(unsigned int, unsigned int, unsigned char)	source/DNFServer/GameServer/DBMW/DBManager.cpp	2980	function_reports/dbmw/_ZN10CDBManager16SaveMemberInsertEjjh.md
DNF-DBM-DIFF-0014	DIFF	_ZN10CDBManager17OnWriteGuildBoardEP40Packet_DB_Load_Request_Guild_Board_WriteP18STGuildBoardDBInfo	CDBManager::OnWriteGuildBoard(Packet_DB_Load_Request_Guild_Board_Write*, STGuildBoardDBInfo*)	source/DNFServer/GameServer/DBMW/DBManager.cpp	537	function_reports/dbmw/_ZN10CDBManager17OnWriteGuildBoardEP40Packet_DB_Load_Request_Guild_Board_WriteP18STGuildBoardDBInfo.md
DNF-DBM-NEAR-0005	NEAR	_ZN10CDBManager17QueryHWspecCreateEP38Packet_DBMW_Save_Client_Spec_Statistic	CDBManager::QueryHWspecCreate(Packet_DBMW_Save_Client_Spec_Statistic*)	source/DNFServer/GameServer/DBMW/DBManager.cpp	5279	function_reports/dbmw/_ZN10CDBManager17QueryHWspecCreateEP38Packet_DBMW_Save_Client_Spec_Statistic.md
DNF-DBM-DIFF-0015	DIFF	_ZN10CDBManager17QueryReloadSpecDbEP38Packet_Frame_Lag_Statistic_Reload_SpecP17CStatisticsServer	CDBManager::QueryReloadSpecDb(Packet_Frame_Lag_Statistic_Reload_Spec*, CStatisticsServer*)	source/DNFServer/GameServer/DBMW/DBManager.cpp	4971	function_reports/dbmw/_ZN10CDBManager17QueryReloadSpecDbEP38Packet_Frame_Lag_Statistic_Reload_SpecP17CStatisticsServer.md
DNF-DBM-NEAR-0006	NEAR	_ZN10CDBManager18GetCoinEventPerDayEiiRiS0_	CDBManager::GetCoinEventPerDay(int, int, int&, int&)	source/DNFServer/GameServer/DBMW/DBManager.cpp	6653	function_reports/dbmw/_ZN10CDBManager18GetCoinEventPerDayEiiRiS0_.md
DNF-DBM-DIFF-0016	DIFF	_ZN10CDBManager18selectCollectItemsEhRiS0_RjRh	CDBManager::selectCollectItems(unsigned char, int&, int&, unsigned int&, unsigned char&)	source/DNFServer/GameServer/DBMW/DBManager.cpp	5513	function_reports/dbmw/_ZN10CDBManager18selectCollectItemsEhRiS0_RjRh.md
DNF-DBM-DIFF-0017	DIFF	_ZN10CDBManager18updateCollectItemsEhijh	CDBManager::updateCollectItems(unsigned char, int, unsigned int, unsigned char)	source/DNFServer/GameServer/DBMW/DBManager.cpp	1829	function_reports/dbmw/_ZN10CDBManager18updateCollectItemsEhijh.md
DNF-DBM-DIFF-0018	DIFF	_ZN10CDBManager19GuildMasterDelegateEijjjjPc	CDBManager::GuildMasterDelegate(int, unsigned int, unsigned int, unsigned int, unsigned int, char*)	source/DNFServer/GameServer/DBMW/DBManager.cpp	438	function_reports/dbmw/_ZN10CDBManager19GuildMasterDelegateEijjjjPc.md
DNF-DBM-DIFF-0019	DIFF	_ZN10CDBManager19QueryCharacNoByNameEPcRjPi	CDBManager::QueryCharacNoByName(char*, unsigned int&, int*)	source/DNFServer/GameServer/DBMW/DBManager.cpp	6703	function_reports/dbmw/_ZN10CDBManager19QueryCharacNoByNameEPcRjPi.md
DNF-DBM-DIFF-0020	DIFF	_ZN10CDBManager19QuerySubGuildMasterEhjR27Packet_DB_Reply_Query_Guild	CDBManager::QuerySubGuildMaster(unsigned char, unsigned int, Packet_DB_Reply_Query_Guild&)	source/DNFServer/GameServer/DBMW/DBManager.cpp	6511	function_reports/dbmw/_ZN10CDBManager19QuerySubGuildMasterEhjR27Packet_DB_Reply_Query_Guild.md
DNF-DBM-DIFF-0021	DIFF	_ZN10CDBManager19RegisterToBlackListEjjPc	CDBManager::RegisterToBlackList(unsigned int, unsigned int, char*)	source/DNFServer/GameServer/DBMW/DBManager.cpp	3947	function_reports/dbmw/_ZN10CDBManager19RegisterToBlackListEjjPc.md
DNF-DBM-DIFF-0022	DIFF	_ZN10CDBManager19SendGuildCoinByMailEijjjiPcS0_	CDBManager::SendGuildCoinByMail(int, unsigned int, unsigned int, unsigned int, int, char*, char*)	source/DNFServer/GameServer/DBMW/DBManager.cpp	6394	function_reports/dbmw/_ZN10CDBManager19SendGuildCoinByMailEijjjiPcS0_.md
DNF-DBM-DIFF-0023	DIFF	_ZN10CDBManager20OnSaveFatigueBatteryEP43Packet_DBMW_Fatigue_Battery_Money_Statistic	CDBManager::OnSaveFatigueBattery(Packet_DBMW_Fatigue_Battery_Money_Statistic*)	source/DNFServer/GameServer/DBMW/DBManager.cpp	2169	function_reports/dbmw/_ZN10CDBManager20OnSaveFatigueBatteryEP43Packet_DBMW_Fatigue_Battery_Money_Statistic.md
DNF-DBM-DIFF-0024	DIFF	_ZN10CDBManager20QueryFirstLoadSpecDbEP36Packet_Frame_Lag_Statistic_Load_SpecP17CStatisticsServer	CDBManager::QueryFirstLoadSpecDb(Packet_Frame_Lag_Statistic_Load_Spec*, CStatisticsServer*)	source/DNFServer/GameServer/DBMW/DBManager.cpp	5153	function_reports/dbmw/_ZN10CDBManager20QueryFirstLoadSpecDbEP36Packet_Frame_Lag_Statistic_Load_SpecP17CStatisticsServer.md
DNF-DBM-DIFF-0025	DIFF	_ZN10CDBManager20updateCollectItemsGmEhiij	CDBManager::updateCollectItemsGm(unsigned char, int, int, unsigned int)	source/DNFServer/GameServer/DBMW/DBManager.cpp	1873	function_reports/dbmw/_ZN10CDBManager20updateCollectItemsGmEhiij.md
DNF-DBM-DIFF-0026	DIFF	_ZN10CDBManager21AwardGuildTitleByMailEijjPcj	CDBManager::AwardGuildTitleByMail(int, unsigned int, unsigned int, char*, unsigned int)	source/DNFServer/GameServer/DBMW/DBManager.cpp	3894	function_reports/dbmw/_ZN10CDBManager21AwardGuildTitleByMailEijjPcj.md
DNF-DBM-DIFF-0027	DIFF	_ZN10CDBManager21OnLoadPeriodicMessageEP28Packet_Load_Periodic_MessageP38Packet_Result_Loading_Periodic_Message	CDBManager::OnLoadPeriodicMessage(Packet_Load_Periodic_Message*, Packet_Result_Loading_Periodic_Message*)	source/DNFServer/GameServer/DBMW/DBManager.cpp	1047	function_reports/dbmw/_ZN10CDBManager21OnLoadPeriodicMessageEP28Packet_Load_Periodic_MessageP38Packet_Result_Loading_Periodic_Message.md
DNF-DBM-DIFF-0028	DIFF	_ZN10CDBManager21OnSecretShopStatisticEP28Packet_Secret_Shop_Statistic	CDBManager::OnSecretShopStatistic(Packet_Secret_Shop_Statistic*)	source/DNFServer/GameServer/DBMW/DBManager.cpp	6812	function_reports/dbmw/_ZN10CDBManager21OnSecretShopStatisticEP28Packet_Secret_Shop_Statistic.md
DNF-DBM-DIFF-0029	DIFF	_ZN10CDBManager21QueryGuildMemberProxyEjjR18STGuildMemberProxy	CDBManager::QueryGuildMemberProxy(unsigned int, unsigned int, STGuildMemberProxy&)	source/DNFServer/GameServer/DBMW/DBManager.cpp	2744	function_reports/dbmw/_ZN10CDBManager21QueryGuildMemberProxyEjjR18STGuildMemberProxy.md
DNF-DBM-DIFF-0030	DIFF	_ZN10CDBManager21QueryTodayGuildMemberEjR31Packet_Reply_Today_Guild_Member	CDBManager::QueryTodayGuildMember(unsigned int, Packet_Reply_Today_Guild_Member&)	source/DNFServer/GameServer/DBMW/DBManager.cpp	5226	function_reports/dbmw/_ZN10CDBManager21QueryTodayGuildMemberEjR31Packet_Reply_Today_Guild_Member.md
DNF-DBM-DIFF-0031	DIFF	_ZN10CDBManager21SaveGuildWarPointListEiPjS0_	CDBManager::SaveGuildWarPointList(int, unsigned int*, unsigned int*)	source/DNFServer/GameServer/DBMW/DBManager.cpp	866	function_reports/dbmw/_ZN10CDBManager21SaveGuildWarPointListEiPjS0_.md
DNF-DBM-DIFF-0032	DIFF	_ZN10CDBManager21insertServerGameEventEP31Packet_StartGameEventFromServer	CDBManager::insertServerGameEvent(Packet_StartGameEventFromServer*)	source/DNFServer/GameServer/DBMW/DBManager.cpp	1283	function_reports/dbmw/_ZN10CDBManager21insertServerGameEventEP31Packet_StartGameEventFromServer.md
DNF-DBM-NEAR-0007	NEAR	_ZN10CDBManager22OnSavePowerWarUserRankEP34Packet_DB_Save_Power_War_User_Rank	CDBManager::OnSavePowerWarUserRank(Packet_DB_Save_Power_War_User_Rank*)	source/DNFServer/GameServer/DBMW/DBManager.cpp	1156	function_reports/dbmw/_ZN10CDBManager22OnSavePowerWarUserRankEP34Packet_DB_Save_Power_War_User_Rank.md
DNF-DBM-DIFF-0033	DIFF	_ZN10CDBManager22OnStatisticLoginLogoutEP34Packet_DBMW_Statistic_Login_Logout	CDBManager::OnStatisticLoginLogout(Packet_DBMW_Statistic_Login_Logout*)	source/DNFServer/GameServer/DBMW/DBManager.cpp	4916	function_reports/dbmw/_ZN10CDBManager22OnStatisticLoginLogoutEP34Packet_DBMW_Statistic_Login_Logout.md
DNF-DBM-DIFF-0034	DIFF	_ZN10CDBManager22OnWriteGuildMemberMemoEP33Packet_DB_Write_Guild_Member_Memo	CDBManager::OnWriteGuildMemberMemo(Packet_DB_Write_Guild_Member_Memo*)	source/DNFServer/GameServer/DBMW/DBManager.cpp	2055	function_reports/dbmw/_ZN10CDBManager22OnWriteGuildMemberMemoEP33Packet_DB_Write_Guild_Member_Memo.md
DNF-DBM-DIFF-0035	DIFF	_ZN10CDBManager23OnLoadGuildCargoHistoryEjR37Packet_Guild_Load_Guild_Cargo_History	CDBManager::OnLoadGuildCargoHistory(unsigned int, Packet_Guild_Load_Guild_Cargo_History&)	source/DNFServer/GameServer/DBMW/DBManager.cpp	5356	function_reports/dbmw/_ZN10CDBManager23OnLoadGuildCargoHistoryEjR37Packet_Guild_Load_Guild_Cargo_History.md
DNF-DBM-DIFF-0036	DIFF	_ZN10CDBManager23OnSaveLoadingTimeReportEP31Packet_DBMW_Loading_Time_Report	CDBManager::OnSaveLoadingTimeReport(Packet_DBMW_Loading_Time_Report*)	source/DNFServer/GameServer/DBMW/DBManager.cpp	2147	function_reports/dbmw/_ZN10CDBManager23OnSaveLoadingTimeReportEP31Packet_DBMW_Loading_Time_Report.md
DNF-DBM-NEAR-0008	NEAR	_ZN10CDBManager23OnSavePowerWarGuildRankEP35Packet_DB_Save_Power_War_Guild_Rank	CDBManager::OnSavePowerWarGuildRank(Packet_DB_Save_Power_War_Guild_Rank*)	source/DNFServer/GameServer/DBMW/DBManager.cpp	1199	function_reports/dbmw/_ZN10CDBManager23OnSavePowerWarGuildRankEP35Packet_DB_Save_Power_War_Guild_Rank.md
DNF-DBM-DIFF-0037	DIFF	_ZN10CDBManager23loadLimitNpcBuyItemInfoEP26LimitNpcBuyItemRequestInfoP25LimitNpcBuyItemResultInfo	CDBManager::loadLimitNpcBuyItemInfo(LimitNpcBuyItemRequestInfo*, LimitNpcBuyItemResultInfo*)	source/DNFServer/GameServer/DBMW/DBManager.cpp	6853	function_reports/dbmw/_ZN10CDBManager23loadLimitNpcBuyItemInfoEP26LimitNpcBuyItemRequestInfoP25LimitNpcBuyItemResultInfo.md
DNF-DBM-DIFF-0038	DIFF	_ZN10CDBManager24ChangeGuildNotifyMessageEijPc	CDBManager::ChangeGuildNotifyMessage(int, unsigned int, char*)	source/DNFServer/GameServer/DBMW/DBManager.cpp	7028	function_reports/dbmw/_ZN10CDBManager24ChangeGuildNotifyMessageEijPc.md
DNF-DBM-DIFF-0039	DIFF	_ZN10CDBManager24InsertFrameLagStatisticsEP42Packet_Frame_Lag_Statistic_Write_Lag_IndexP17CStatisticsServer	CDBManager::InsertFrameLagStatistics(Packet_Frame_Lag_Statistic_Write_Lag_Index*, CStatisticsServer*)	source/DNFServer/GameServer/DBMW/DBManager.cpp	5062	function_reports/dbmw/_ZN10CDBManager24InsertFrameLagStatisticsEP42Packet_Frame_Lag_Statistic_Write_Lag_IndexP17CStatisticsServer.md
DNF-DBM-DIFF-0040	DIFF	_ZN10CDBManager24OnGoldcardEventStatisticEP35Packet_Goldcard_Event_Statistic_STD	CDBManager::OnGoldcardEventStatistic(Packet_Goldcard_Event_Statistic_STD*)	source/DNFServer/GameServer/DBMW/DBManager.cpp	1465	function_reports/dbmw/_ZN10CDBManager24OnGoldcardEventStatisticEP35Packet_Goldcard_Event_Statistic_STD.md
DNF-DBM-DIFF-0041	DIFF	_ZN10CDBManager24OnGuildJoinByListApproveEjcjjR15STGuildJoinInfoRj	CDBManager::OnGuildJoinByListApprove(unsigned int, char, unsigned int, unsigned int, STGuildJoinInfo&, unsigned int&)	source/DNFServer/GameServer/DBMW/DBManager.cpp	3131	function_reports/dbmw/_ZN10CDBManager24OnGuildJoinByListApproveEjcjjR15STGuildJoinInfoRj.md
DNF-DBM-NEAR-0009	NEAR	_ZN10CDBManager24OnManagerEventTriggerAckEP32Packet_Manager_Event_Trigger_Ack	CDBManager::OnManagerEventTriggerAck(Packet_Manager_Event_Trigger_Ack*)	source/DNFServer/GameServer/DBMW/DBManager.cpp	2113	function_reports/dbmw/_ZN10CDBManager24OnManagerEventTriggerAckEP32Packet_Manager_Event_Trigger_Ack.md
DNF-DBM-DIFF-0042	DIFF	_ZN10CDBManager24OnSavePowerWarBonusPointEP36Packet_DB_Save_Power_War_Bonus_Point	CDBManager::OnSavePowerWarBonusPoint(Packet_DB_Save_Power_War_Bonus_Point*)	source/DNFServer/GameServer/DBMW/DBManager.cpp	893	function_reports/dbmw/_ZN10CDBManager24OnSavePowerWarBonusPointEP36Packet_DB_Save_Power_War_Bonus_Point.md
DNF-DBM-DIFF-0043	DIFF	_ZN10CDBManager24QueryCubeStatisticCreateEP26Packet_DBMW_Cube_Statistic	CDBManager::QueryCubeStatisticCreate(Packet_DBMW_Cube_Statistic*)	source/DNFServer/GameServer/DBMW/DBManager.cpp	5689	function_reports/dbmw/_ZN10CDBManager24QueryCubeStatisticCreateEP26Packet_DBMW_Cube_Statistic.md
DNF-DBM-DIFF-0044	DIFF	_ZN10CDBManager24QueryUpdateChannelOccNumEP27Packet_User_Count_Statistic	CDBManager::QueryUpdateChannelOccNum(Packet_User_Count_Statistic*)	source/DNFServer/GameServer/DBMW/DBManager.cpp	1502	function_reports/dbmw/_ZN10CDBManager24QueryUpdateChannelOccNumEP27Packet_User_Count_Statistic.md
DNF-DBM-DIFF-0045	DIFF	_ZN10CDBManager24SaveUnchangableGuildInfoEP33Packet_UnChangable_GuildInfo_Save	CDBManager::SaveUnchangableGuildInfo(Packet_UnChangable_GuildInfo_Save*)	source/DNFServer/GameServer/DBMW/DBManager.cpp	5753	function_reports/dbmw/_ZN10CDBManager24SaveUnchangableGuildInfoEP33Packet_UnChangable_GuildInfo_Save.md
DNF-DBM-DIFF-0046	DIFF	_ZN10CDBManager24UpdateRandomboxStatisticEP29Packet_Randombox_statistic_DB	CDBManager::UpdateRandomboxStatistic(Packet_Randombox_statistic_DB*)	source/DNFServer/GameServer/DBMW/DBManager.cpp	1924	function_reports/dbmw/_ZN10CDBManager24UpdateRandomboxStatisticEP29Packet_Randombox_statistic_DB.md
DNF-DBM-DIFF-0047	DIFF	_ZN10CDBManager24insertHolePunchingResultEP38Packet_GameServer2Statisctics2DBServer	CDBManager::insertHolePunchingResult(Packet_GameServer2Statisctics2DBServer*)	source/DNFServer/GameServer/DBMW/DBManager.cpp	1897	function_reports/dbmw/_ZN10CDBManager24insertHolePunchingResultEP38Packet_GameServer2Statisctics2DBServer.md
DNF-DBM-DIFF-0048	DIFF	_ZN10CDBManager24updateCompatibilityIndexEP31Packet_Stat_Compatibility_Index	CDBManager::updateCompatibilityIndex(Packet_Stat_Compatibility_Index*)	source/DNFServer/GameServer/DBMW/DBManager.cpp	6762	function_reports/dbmw/_ZN10CDBManager24updateCompatibilityIndexEP31Packet_Stat_Compatibility_Index.md
DNF-DBM-DIFF-0049	DIFF	_ZN10CDBManager25OnInsertGuildCargoHistoryEP36Packet_DB_Insert_Guild_Cargo_History	CDBManager::OnInsertGuildCargoHistory(Packet_DB_Insert_Guild_Cargo_History*)	source/DNFServer/GameServer/DBMW/DBManager.cpp	719	function_reports/dbmw/_ZN10CDBManager25OnInsertGuildCargoHistoryEP36Packet_DB_Insert_Guild_Cargo_History.md
DNF-DBM-DIFF-0050	DIFF	_ZN10CDBManager25OnSavePacketOverflowWriteEP37Packet_DBMW_Packet_Overflow_Statistic	CDBManager::OnSavePacketOverflowWrite(Packet_DBMW_Packet_Overflow_Statistic*)	source/DNFServer/GameServer/DBMW/DBManager.cpp	1647	function_reports/dbmw/_ZN10CDBManager25OnSavePacketOverflowWriteEP37Packet_DBMW_Packet_Overflow_Statistic.md
DNF-DBM-NEAR-0010	NEAR	_ZN10CDBManager25OnSavePowerWarPointRewardEP37Packet_DB_Save_Power_War_Point_Reward	CDBManager::OnSavePowerWarPointReward(Packet_DB_Save_Power_War_Point_Reward*)	source/DNFServer/GameServer/DBMW/DBManager.cpp	994	function_reports/dbmw/_ZN10CDBManager25OnSavePowerWarPointRewardEP37Packet_DB_Save_Power_War_Point_Reward.md
DNF-DBM-DIFF-0051	DIFF	_ZN10CDBManager25QueryGuildAllMembersProxyEjP18STGuildMemberProxyRt	CDBManager::QueryGuildAllMembersProxy(unsigned int, STGuildMemberProxy*, unsigned short&)	source/DNFServer/GameServer/DBMW/DBManager.cpp	2777	function_reports/dbmw/_ZN10CDBManager25QueryGuildAllMembersProxyEjP18STGuildMemberProxyRt.md
DNF-DBM-NEAR-0011	NEAR	_ZN10CDBManager25QueryOnTimeEventIdxUpdateEP34Packet_Req_Ontime_Event_Idx_Update	CDBManager::QueryOnTimeEventIdxUpdate(Packet_Req_Ontime_Event_Idx_Update*)	source/DNFServer/GameServer/DBMW/DBManager.cpp	6551	function_reports/dbmw/_ZN10CDBManager25QueryOnTimeEventIdxUpdateEP34Packet_Req_Ontime_Event_Idx_Update.md
DNF-DBM-DIFF-0052	DIFF	_ZN10CDBManager25QueryPartyStatisticCreateEP35Packet_DBMW_Dungeon_Statistic_Party	CDBManager::QueryPartyStatisticCreate(Packet_DBMW_Dungeon_Statistic_Party*)	source/DNFServer/GameServer/DBMW/DBManager.cpp	3239	function_reports/dbmw/_ZN10CDBManager25QueryPartyStatisticCreateEP35Packet_DBMW_Dungeon_Statistic_Party.md
DNF-DBM-DIFF-0053	DIFF	_ZN10CDBManager26OnSavePowerWarStatueRankerEP38Packet_DB_Save_Power_War_Statue_Ranker	CDBManager::OnSavePowerWarStatueRanker(Packet_DB_Save_Power_War_Statue_Ranker*)	source/DNFServer/GameServer/DBMW/DBManager.cpp	955	function_reports/dbmw/_ZN10CDBManager26OnSavePowerWarStatueRankerEP38Packet_DB_Save_Power_War_Statue_Ranker.md
DNF-DBM-DIFF-0054	DIFF	_ZN10CDBManager26onItemLimitEditionLoadDataEPK39Packet_Item_Limit_Edition_Load_Data_ReqP39Packet_Item_Limit_Edition_Load_Data_Rpy	CDBManager::onItemLimitEditionLoadData(Packet_Item_Limit_Edition_Load_Data_Req const*, Packet_Item_Limit_Edition_Load_Data_Rpy*)	source/DNFServer/GameServer/DBMW/DBManager.cpp	4527	function_reports/dbmw/_ZN10CDBManager26onItemLimitEditionLoadDataEPK39Packet_Item_Limit_Edition_Load_Data_ReqP39Packet_Item_Limit_Edition_Load_Data_Rpy.md
DNF-DBM-DIFF-0055	DIFF	_ZN10CDBManager28OnSaveAssertManagerInfoWriteEP43Packet_DBMW_Assert_Manager_Info_Write_Query	CDBManager::OnSaveAssertManagerInfoWrite(Packet_DBMW_Assert_Manager_Info_Write_Query*)	source/DNFServer/GameServer/DBMW/DBManager.cpp	5644	function_reports/dbmw/_ZN10CDBManager28OnSaveAssertManagerInfoWriteEP43Packet_DBMW_Assert_Manager_Info_Write_Query.md
DNF-DBM-DIFF-0056	DIFF	_ZN10CDBManager28QueryPartyJobStatisticCreateEP39Packet_DBMW_Dungeon_Statistic_Party_Job	CDBManager::QueryPartyJobStatisticCreate(Packet_DBMW_Dungeon_Statistic_Party_Job*)	source/DNFServer/GameServer/DBMW/DBManager.cpp	3309	function_reports/dbmw/_ZN10CDBManager28QueryPartyJobStatisticCreateEP39Packet_DBMW_Dungeon_Statistic_Party_Job.md
DNF-DBM-DIFF-0057	DIFF	_ZN10CDBManager28QueryTowerOfDespairStatisticEP35Packet_TowerOfDespair_Statistic_STD	CDBManager::QueryTowerOfDespairStatistic(Packet_TowerOfDespair_Statistic_STD*)	source/DNFServer/GameServer/DBMW/DBManager.cpp	1718	function_reports/dbmw/_ZN10CDBManager28QueryTowerOfDespairStatisticEP35Packet_TowerOfDespair_Statistic_STD.md
DNF-DBM-DIFF-0058	DIFF	_ZN10CDBManager28onItemLimitEditionUpdateDataEPK32Packet_Item_Limit_Edition_Update	CDBManager::onItemLimitEditionUpdateData(Packet_Item_Limit_Edition_Update const*)	source/DNFServer/GameServer/DBMW/DBManager.cpp	4587	function_reports/dbmw/_ZN10CDBManager28onItemLimitEditionUpdateDataEPK32Packet_Item_Limit_Edition_Update.md
DNF-DBM-DIFF-0059	DIFF	_ZN10CDBManager29QueryErrorLineStatisticCreateEP37Packet_DBMW_Save_Error_Line_Statistic	CDBManager::QueryErrorLineStatisticCreate(Packet_DBMW_Save_Error_Line_Statistic*)	source/DNFServer/GameServer/DBMW/DBManager.cpp	1687	function_reports/dbmw/_ZN10CDBManager29QueryErrorLineStatisticCreateEP37Packet_DBMW_Save_Error_Line_Statistic.md
DNF-DBM-DIFF-0060	DIFF	_ZN10CDBManager29UpdateDisjointAvatarStatisticEP35Packet_Avater_Disjoint_Statistic_DB	CDBManager::UpdateDisjointAvatarStatistic(Packet_Avater_Disjoint_Statistic_DB*)	source/DNFServer/GameServer/DBMW/DBManager.cpp	6185	function_reports/dbmw/_ZN10CDBManager29UpdateDisjointAvatarStatisticEP35Packet_Avater_Disjoint_Statistic_DB.md
DNF-DBM-DIFF-0061	DIFF	_ZN10CDBManager31QueryPartyCharacStatisticCreateEP42Packet_DBMW_Dungeon_Statistic_Party_Charac	CDBManager::QueryPartyCharacStatisticCreate(Packet_DBMW_Dungeon_Statistic_Party_Charac*)	source/DNFServer/GameServer/DBMW/DBManager.cpp	3373	function_reports/dbmw/_ZN10CDBManager31QueryPartyCharacStatisticCreateEP42Packet_DBMW_Dungeon_Statistic_Party_Charac.md
DNF-DBM-DIFF-0062	DIFF	_ZN10CDBManager33QueryHellPartyStatisticItemCreateEP36Packet_DBMW_HellParty_Statistic_Item	CDBManager::QueryHellPartyStatisticItemCreate(Packet_DBMW_HellParty_Statistic_Item*)	source/DNFServer/GameServer/DBMW/DBManager.cpp	1611	function_reports/dbmw/_ZN10CDBManager33QueryHellPartyStatisticItemCreateEP36Packet_DBMW_HellParty_Statistic_Item.md
DNF-DBM-DIFF-0063	DIFF	_ZN10CDBManager33updateNexonPinPcRoomPlayTimeEventEhjRjPcj	CDBManager::updateNexonPinPcRoomPlayTimeEvent(unsigned char, unsigned int, unsigned int&, char*, unsigned int)	source/DNFServer/GameServer/DBMW/DBManager.cpp	5576	function_reports/dbmw/_ZN10CDBManager33updateNexonPinPcRoomPlayTimeEventEhjRjPcj.md
DNF-DBM-DIFF-0064	DIFF	_ZN10CDBManager35QueryDeathTowerValueStatisticCreateEP38Packet_DBMW_DeathTower_Statistic_Value	CDBManager::QueryDeathTowerValueStatisticCreate(Packet_DBMW_DeathTower_Statistic_Value*)	source/DNFServer/GameServer/DBMW/DBManager.cpp	6091	function_reports/dbmw/_ZN10CDBManager35QueryDeathTowerValueStatisticCreateEP38Packet_DBMW_DeathTower_Statistic_Value.md
DNF-DBM-DIFF-0065	DIFF	_ZN10CDBManager41QueryDeathTowerPlayDataJobStatisticCreateEP45Packet_DBMW_DeathTower_Statistic_Playdata_Job	CDBManager::QueryDeathTowerPlayDataJobStatisticCreate(Packet_DBMW_DeathTower_Statistic_Playdata_Job*)	source/DNFServer/GameServer/DBMW/DBManager.cpp	6003	function_reports/dbmw/_ZN10CDBManager41QueryDeathTowerPlayDataJobStatisticCreateEP45Packet_DBMW_DeathTower_Statistic_Playdata_Job.md
DNF-DBM-DIFF-0066	DIFF	_ZN10CDBManager43QueryDeathTowerPlayDataPartyStatisticCreateEP47Packet_DBMW_DeathTower_Statistic_Playdata_Party	CDBManager::QueryDeathTowerPlayDataPartyStatisticCreate(Packet_DBMW_DeathTower_Statistic_Playdata_Party*)	source/DNFServer/GameServer/DBMW/DBManager.cpp	6258	function_reports/dbmw/_ZN10CDBManager43QueryDeathTowerPlayDataPartyStatisticCreateEP47Packet_DBMW_DeathTower_Statistic_Playdata_Party.md
DNF-DBM-DIFF-0067	DIFF	_ZN10CDBManager8AddBuddyEjPcR13STBuddyDBInfoRi	CDBManager::AddBuddy(unsigned int, char*, STBuddyDBInfo&, int&)	source/DNFServer/GameServer/DBMW/DBManager.cpp	5855	function_reports/dbmw/_ZN10CDBManager8AddBuddyEjPcR13STBuddyDBInfoRi.md
DNF-DBM-DIFF-0068	DIFF	_ZN12CApplication15TranslateSignalEv	CApplication::TranslateSignal()	source/DNFServer/GameServer/DBMW/DNFApplication.cpp	411	function_reports/dbmw/_ZN12CApplication15TranslateSignalEv.md
DNF-DBM-DIFF-0069	DIFF	_ZN12CApplication4LoadEiPPc	CApplication::Load(int, char**)	source/DNFServer/GameServer/DBMW/DNFApplication.cpp	111	function_reports/dbmw/_ZN12CApplication4LoadEiPPc.md
DNF-DBM-NEAR-0012	NEAR	_ZN13CPacketTracer19EndPacketProcessLogEj	CPacketTracer::EndPacketProcessLog(unsigned int)	source/DNFServer/GameServer/DBMW/DNFPacketTracer.cpp	78	function_reports/dbmw/_ZN13CPacketTracer19EndPacketProcessLogEj.md
DNF-DBM-DIFF-0070	DIFF	_ZN13CPacketTracer21StartPacketProcessLogEj	CPacketTracer::StartPacketProcessLog(unsigned int)	source/DNFServer/GameServer/DBMW/DNFPacketTracer.cpp	64	function_reports/dbmw/_ZN13CPacketTracer21StartPacketProcessLogEj.md
DNF-DBM-DIFF-0071	DIFF	_ZN13CPacketTracer21WritePacketProcessLogEv	CPacketTracer::WritePacketProcessLog()	source/DNFServer/GameServer/DBMW/DNFPacketTracer.cpp	89	function_reports/dbmw/_ZN13CPacketTracer21WritePacketProcessLogEv.md
DNF-DBM-DIFF-0072	DIFF	_ZN13CPacketTracerC1Ev	CPacketTracer::CPacketTracer()	source/DNFServer/GameServer/DBMW/DNFPacketTracer.cpp	27	function_reports/dbmw/_ZN13CPacketTracerC1Ev.md
DNF-DBM-DIFF-0073	DIFF	_ZN13CPacketTracerC2Ev	CPacketTracer::CPacketTracer()	source/DNFServer/GameServer/DBMW/DNFPacketTracer.cpp	27	function_reports/dbmw/_ZN13CPacketTracerC2Ev.md
DNF-DBM-DIFF-0074	DIFF	_ZN13CQueryCounter10WriteDBLogER10CDBManager	CQueryCounter::WriteDBLog(CDBManager&)	source/DNFServer/GameServer/DBMW/QueryCounter.cpp	47	function_reports/dbmw/_ZN13CQueryCounter10WriteDBLogER10CDBManager.md
DNF-DBM-DIFF-0075	DIFF	_ZN13CTcpNetSystem10SendPacketEv	CTcpNetSystem::SendPacket()	source/DNFServer/GameServer/DBMW/TcpNetSystem.cpp	169	function_reports/dbmw/_ZN13CTcpNetSystem10SendPacketEv.md
DNF-DBM-DIFF-0076	DIFF	_ZN13CTcpNetSystem14OpenTcpServiceERiPKct	CTcpNetSystem::OpenTcpService(int&, char const*, unsigned short)	source/DNFServer/GameServer/DBMW/TcpNetSystem.cpp	52	function_reports/dbmw/_ZN13CTcpNetSystem14OpenTcpServiceERiPKct.md
DNF-DBM-DIFF-0077	DIFF	_ZN13CTcpNetSystem18PushTcpSendPacketQEPc	CTcpNetSystem::PushTcpSendPacketQ(char*)	source/DNFServer/GameServer/DBMW/TcpNetSystem.cpp	261	function_reports/dbmw/_ZN13CTcpNetSystem18PushTcpSendPacketQEPc.md
DNF-DBM-DIFF-0078	DIFF	_ZN13CTcpNetSystem19CleanTcpSendPacketQEv	CTcpNetSystem::CleanTcpSendPacketQ()	source/DNFServer/GameServer/DBMW/TcpNetSystem.cpp	276	function_reports/dbmw/_ZN13CTcpNetSystem19CleanTcpSendPacketQEv.md
DNF-DBM-DIFF-0079	DIFF	_ZN13CTcpNetSystem21SetEpollAcceptedPeersEv	CTcpNetSystem::SetEpollAcceptedPeers()	source/DNFServer/GameServer/DBMW/TcpNetSystem.cpp	141	function_reports/dbmw/_ZN13CTcpNetSystem21SetEpollAcceptedPeersEv.md
DNF-DBM-NEAR-0013	NEAR	_ZN13np_server_xml10CServerXml9StrPunishEiPKcNS_12_eStringTypeE	np_server_xml::CServerXml::StrPunish(int, char const*, np_server_xml::_eStringType)	source/DNFServer/GameServer/DBMW/ServerXml.cpp	235	function_reports/dbmw/_ZN13np_server_xml10CServerXml9StrPunishEiPKcNS_12_eStringTypeE.md
DNF-DBM-DIFF-0080	DIFF	_ZN14CNetworkThread8dispatchEPv	CNetworkThread::dispatch(void*)	source/DNFServer/GameServer/DBMW/DNFNetworkThread.cpp	50	function_reports/dbmw/_ZN14CNetworkThread8dispatchEPv.md
DNF-DBM-DIFF-0081	DIFF	_ZN14CPacketCounterILi1000ELi10240EE12AfterProcessEi	CPacketCounter<1000, 10240>::AfterProcess(int)	source/DNFServer/GameServer/DBMW/PacketCounter.cpp	88	function_reports/dbmw/_ZN14CPacketCounterILi1000ELi10240EE12AfterProcessEi.md
DNF-DBM-DIFF-0082	DIFF	_ZN14CServerHandler16SendAllTcpServerEP12PacketHeader	CServerHandler::SendAllTcpServer(PacketHeader*)	source/DNFServer/GameServer/DBMW/DNFServerHandler.cpp	155	function_reports/dbmw/_ZN14CServerHandler16SendAllTcpServerEP12PacketHeader.md
DNF-DBM-DIFF-0083	DIFF	_ZN17CPacketTranslater11OnGuildJoinEP12PacketHeader	CPacketTranslater::OnGuildJoin(PacketHeader*)	source/DNFServer/GameServer/DBMW/DNFPacketTranslater.cpp	338	function_reports/dbmw/_ZN17CPacketTranslater11OnGuildJoinEP12PacketHeader.md
DNF-DBM-DIFF-0084	DIFF	_ZN17CPacketTranslater13OnGuildSecedeEP12PacketHeader	CPacketTranslater::OnGuildSecede(PacketHeader*)	source/DNFServer/GameServer/DBMW/DNFPacketTranslater.cpp	864	function_reports/dbmw/_ZN17CPacketTranslater13OnGuildSecedeEP12PacketHeader.md
DNF-DBM-DIFF-0085	DIFF	_ZN17CPacketTranslater16OnDBMWInsertMailEP12PacketHeader	CPacketTranslater::OnDBMWInsertMail(PacketHeader*)	source/DNFServer/GameServer/DBMW/DNFPacketTranslater.cpp	1060	function_reports/dbmw/_ZN17CPacketTranslater16OnDBMWInsertMailEP12PacketHeader.md
DNF-DBM-DIFF-0086	DIFF	_ZN17CPacketTranslater16OnRequestARSInfoEP12PacketHeader	CPacketTranslater::OnRequestARSInfo(PacketHeader*)	source/DNFServer/GameServer/DBMW/DNFPacketTranslater.cpp	2314	function_reports/dbmw/_ZN17CPacketTranslater16OnRequestARSInfoEP12PacketHeader.md
DNF-DBM-DIFF-0087	DIFF	_ZN17CPacketTranslater16OnTcpServerLoginEP12PacketHeader	CPacketTranslater::OnTcpServerLogin(PacketHeader*)	source/DNFServer/GameServer/DBMW/DNFPacketTranslater.cpp	2799	function_reports/dbmw/_ZN17CPacketTranslater16OnTcpServerLoginEP12PacketHeader.md
DNF-DBM-DIFF-0088	DIFF	_ZN17CPacketTranslater17OnSendGuildLetterEP12PacketHeader	CPacketTranslater::OnSendGuildLetter(PacketHeader*)	source/DNFServer/GameServer/DBMW/DNFPacketTranslater.cpp	267	function_reports/dbmw/_ZN17CPacketTranslater17OnSendGuildLetterEP12PacketHeader.md
DNF-DBM-DIFF-0089	DIFF	_ZN17CPacketTranslater18OnQueryGuildMemberEP12PacketHeader	CPacketTranslater::OnQueryGuildMember(PacketHeader*)	source/DNFServer/GameServer/DBMW/DNFPacketTranslater.cpp	1131	function_reports/dbmw/_ZN17CPacketTranslater18OnQueryGuildMemberEP12PacketHeader.md
DNF-DBM-DIFF-0090	DIFF	_ZN17CPacketTranslater19OnDeleteToBlackListEP12PacketHeader	CPacketTranslater::OnDeleteToBlackList(PacketHeader*)	source/DNFServer/GameServer/DBMW/DNFPacketTranslater.cpp	693	function_reports/dbmw/_ZN17CPacketTranslater19OnDeleteToBlackListEP12PacketHeader.md
DNF-DBM-DIFF-0091	DIFF	_ZN17CPacketTranslater20onCollectItemsUpdateEP12PacketHeader	CPacketTranslater::onCollectItemsUpdate(PacketHeader*)	source/DNFServer/GameServer/DBMW/DNFPacketTranslater.cpp	1840	function_reports/dbmw/_ZN17CPacketTranslater20onCollectItemsUpdateEP12PacketHeader.md
DNF-DBM-DIFF-0092	DIFF	_ZN17CPacketTranslater20onQueryTowerFullRankEP12PacketHeader	CPacketTranslater::onQueryTowerFullRank(PacketHeader*)	source/DNFServer/GameServer/DBMW/DNFPacketTranslater.cpp	2250	function_reports/dbmw/_ZN17CPacketTranslater20onQueryTowerFullRankEP12PacketHeader.md
DNF-DBM-DIFF-0093	DIFF	_ZN17CPacketTranslater21OnGuildMasterDelegateEP12PacketHeader	CPacketTranslater::OnGuildMasterDelegate(PacketHeader*)	source/DNFServer/GameServer/DBMW/DNFPacketTranslater.cpp	204	function_reports/dbmw/_ZN17CPacketTranslater21OnGuildMasterDelegateEP12PacketHeader.md
DNF-DBM-DIFF-0094	DIFF	_ZN17CPacketTranslater21OnLoadPeriodicMessageEP12PacketHeader	CPacketTranslater::OnLoadPeriodicMessage(PacketHeader*)	source/DNFServer/GameServer/DBMW/DNFPacketTranslater.cpp	1036	function_reports/dbmw/_ZN17CPacketTranslater21OnLoadPeriodicMessageEP12PacketHeader.md
DNF-DBM-DIFF-0095	DIFF	_ZN17CPacketTranslater21OnRegisterToBlackListEP12PacketHeader	CPacketTranslater::OnRegisterToBlackList(PacketHeader*)	source/DNFServer/GameServer/DBMW/DNFPacketTranslater.cpp	740	function_reports/dbmw/_ZN17CPacketTranslater21OnRegisterToBlackListEP12PacketHeader.md
DNF-DBM-DIFF-0096	DIFF	_ZN17CPacketTranslater22OnPcRoomPlayTimeRewardEP12PacketHeader	CPacketTranslater::OnPcRoomPlayTimeReward(PacketHeader*)	source/DNFServer/GameServer/DBMW/DNFPacketTranslater.cpp	2051	function_reports/dbmw/_ZN17CPacketTranslater22OnPcRoomPlayTimeRewardEP12PacketHeader.md
DNF-DBM-DIFF-0097	DIFF	_ZN17CPacketTranslater22OnRequestIPCounterListEP12PacketHeader	CPacketTranslater::OnRequestIPCounterList(PacketHeader*)	source/DNFServer/GameServer/DBMW/DNFPacketTranslater.cpp	2140	function_reports/dbmw/_ZN17CPacketTranslater22OnRequestIPCounterListEP12PacketHeader.md
DNF-DBM-DIFF-0098	DIFF	_ZN17CPacketTranslater23OnDBMWVillageAttackRankEP12PacketHeader	CPacketTranslater::OnDBMWVillageAttackRank(PacketHeader*)	source/DNFServer/GameServer/DBMW/DNFPacketTranslater.cpp	1527	function_reports/dbmw/_ZN17CPacketTranslater23OnDBMWVillageAttackRankEP12PacketHeader.md
DNF-DBM-DIFF-0099	DIFF	_ZN17CPacketTranslater24OnSavePowerWarBonusPointEP12PacketHeader	CPacketTranslater::OnSavePowerWarBonusPoint(PacketHeader*)	source/DNFServer/GameServer/DBMW/DNFPacketTranslater.cpp	957	function_reports/dbmw/_ZN17CPacketTranslater24OnSavePowerWarBonusPointEP12PacketHeader.md
DNF-DBM-DIFF-0100	DIFF	_ZN17CPacketTranslater24OnSendMailCoinGuildEventEP12PacketHeader	CPacketTranslater::OnSendMailCoinGuildEvent(PacketHeader*)	source/DNFServer/GameServer/DBMW/DNFPacketTranslater.cpp	390	function_reports/dbmw/_ZN17CPacketTranslater24OnSendMailCoinGuildEventEP12PacketHeader.md
DNF-DBM-DIFF-0101	DIFF	_ZN17CPacketTranslater24onEndGameEventFromServerEP12PacketHeader	CPacketTranslater::onEndGameEventFromServer(PacketHeader*)	source/DNFServer/GameServer/DBMW/DNFPacketTranslater.cpp	1385	function_reports/dbmw/_ZN17CPacketTranslater24onEndGameEventFromServerEP12PacketHeader.md
DNF-DBM-DIFF-0102	DIFF	_ZN17CPacketTranslater25OnRequestApproveJoinGuildEP12PacketHeader	CPacketTranslater::OnRequestApproveJoinGuild(PacketHeader*)	source/DNFServer/GameServer/DBMW/DNFPacketTranslater.cpp	1240	function_reports/dbmw/_ZN17CPacketTranslater25OnRequestApproveJoinGuildEP12PacketHeader.md
DNF-DBM-DIFF-0103	DIFF	_ZN17CPacketTranslater25OnRequestBlackListOnLoginEP12PacketHeader	CPacketTranslater::OnRequestBlackListOnLogin(PacketHeader*)	source/DNFServer/GameServer/DBMW/DNFPacketTranslater.cpp	788	function_reports/dbmw/_ZN17CPacketTranslater25OnRequestBlackListOnLoginEP12PacketHeader.md
DNF-DBM-DIFF-0104	DIFF	_ZN17CPacketTranslater26onStartGameEventFromServerEP12PacketHeader	CPacketTranslater::onStartGameEventFromServer(PacketHeader*)	source/DNFServer/GameServer/DBMW/DNFPacketTranslater.cpp	1340	function_reports/dbmw/_ZN17CPacketTranslater26onStartGameEventFromServerEP12PacketHeader.md
DNF-DBM-DIFF-0105	DIFF	_ZN17CPacketTranslater27OnQueryGuildAllMembersProxyEP12PacketHeader	CPacketTranslater::OnQueryGuildAllMembersProxy(PacketHeader*)	source/DNFServer/GameServer/DBMW/DNFPacketTranslater.cpp	2584	function_reports/dbmw/_ZN17CPacketTranslater27OnQueryGuildAllMembersProxyEP12PacketHeader.md
DNF-DBM-DIFF-0106	DIFF	_ZN17CPacketTranslater29OnDBLoadRequestGuildBoardOpenEP12PacketHeader	CPacketTranslater::OnDBLoadRequestGuildBoardOpen(PacketHeader*)	source/DNFServer/GameServer/DBMW/DNFPacketTranslater.cpp	1975	function_reports/dbmw/_ZN17CPacketTranslater29OnDBLoadRequestGuildBoardOpenEP12PacketHeader.md
DNF-DBM-DIFF-0107	DIFF	_ZN17CPacketTranslater30OnDBLoadRequestGuildBoardWriteEP12PacketHeader	CPacketTranslater::OnDBLoadRequestGuildBoardWrite(PacketHeader*)	source/DNFServer/GameServer/DBMW/DNFPacketTranslater.cpp	442	function_reports/dbmw/_ZN17CPacketTranslater30OnDBLoadRequestGuildBoardWriteEP12PacketHeader.md
DNF-DBM-DIFF-0108	DIFF	_ZN17CPacketTranslater31OnUpdateTowerOfDespairStatisticEP12PacketHeader	CPacketTranslater::OnUpdateTowerOfDespairStatistic(PacketHeader*)	source/DNFServer/GameServer/DBMW/DNFPacketTranslater.cpp	1499	function_reports/dbmw/_ZN17CPacketTranslater31OnUpdateTowerOfDespairStatisticEP12PacketHeader.md
DNF-DBM-DIFF-0109	DIFF	_ZN17CPacketTranslater35OnChangeUnconnectedGuildMemberGradeEP12PacketHeader	CPacketTranslater::OnChangeUnconnectedGuildMemberGrade(PacketHeader*)	source/DNFServer/GameServer/DBMW/DBManager.cpp	7144	function_reports/dbmw/_ZN17CPacketTranslater35OnChangeUnconnectedGuildMemberGradeEP12PacketHeader.md
DNF-DBM-DIFF-0110	DIFF	_ZN17CTcpNetworkThread8dispatchEPv	CTcpNetworkThread::dispatch(void*)	source/DNFServer/GameServer/DBMW/DNFTcpNetworkThread.cpp	65	function_reports/dbmw/_ZN17CTcpNetworkThread8dispatchEPv.md
DNF-DBM-DIFF-0111	DIFF	_ZN18CFrameCountHandler17GetFrameCountInfoEv	CFrameCountHandler::GetFrameCountInfo()	source/DNFServer/GameServer/DBMW/DNFTickHandler.cpp	61	function_reports/dbmw/_ZN18CFrameCountHandler17GetFrameCountInfoEv.md
DNF-DBM-DIFF-0112	DIFF	_ZN18CFrameCountHandler18InitFrameCountInfoEP12CApplicationjt	CFrameCountHandler::InitFrameCountInfo(CApplication*, unsigned int, unsigned short)	source/DNFServer/GameServer/DBMW/DNFTickHandler.cpp	48	function_reports/dbmw/_ZN18CFrameCountHandler18InitFrameCountInfoEP12CApplicationjt.md
DNF-DBM-DIFF-0113	DIFF	_ZN5CPeer7parsingEi	CPeer::parsing(int)	source/DNFServer/GameServer/DBMW/Peer.cpp	229	function_reports/dbmw/_ZN5CPeer7parsingEi.md
DNF-DBM-DIFF-0114	DIFF	_ZN6CMySql10exec_queryEv	CMySql::exec_query()	source/DNFServer/GameServer/DBMW/DNFMySql.cpp	121	function_reports/dbmw/_ZN6CMySql10exec_queryEv.md
DNF-DBM-DIFF-0115	DIFF	_ZN6CMySql11blob_to_strEiPvi	CMySql::blob_to_str(int, void*, int)	source/DNFServer/GameServer/DBMW/DNFMySql.cpp	55	function_reports/dbmw/_ZN6CMySql11blob_to_strEiPvi.md
DNF-DBM-DIFF-0116	DIFF	_ZN6CMySql4execEj	CMySql::exec(unsigned int)	source/DNFServer/GameServer/DBMW/DNFMySql.cpp	173	function_reports/dbmw/_ZN6CMySql4execEj.md
DNF-DBM-DIFF-0117	DIFF	_ZN6CMySql4openEPKcS1_S1_S1_	CMySql::open(char const*, char const*, char const*, char const*)	source/DNFServer/GameServer/DBMW/DNFMySql.cpp	341	function_reports/dbmw/_ZN6CMySql4openEPKcS1_S1_S1_.md
DNF-DBM-DIFF-0118	DIFF	_ZN6CMySql4openEPKcjS1_S1_S1_	CMySql::open(char const*, unsigned int, char const*, char const*, char const*)	source/DNFServer/GameServer/DBMW/DNFMySql.cpp	364	function_reports/dbmw/_ZN6CMySql4openEPKcjS1_S1_S1_.md
DNF-DBM-NEAR-0014	NEAR	_ZN6CMySql7get_intEiRj	CMySql::get_int(int, unsigned int&)	source/DNFServer/GameServer/DBMW/DNFMySql.cpp	93	function_reports/dbmw/_ZN6CMySql7get_intEiRj.md
