node	downstream_nodes	direct_deps	depending_tus
guild/GuildSignal.cpp	10	5	0
guild/GuildApp.h	0	3	7
guild/GuildThread.cpp	11	7	0
guild/GuildTable.cpp	7	5	0
guild/GuildPacket.cpp	14	9	0
guild/GuildPacket.h	0	2	6
guild/GuildServer.cpp	13	7	0
shared/packet/include/PacketHeader.h	0	1	8
guild/GuildServer.h	0	1	5
guild/GuildTable.h	0	0	11
guild/GuildInit.cpp	6	3	0
guild/GuildInit.h	0	0	2
DNFServer/ServerCommon/DNFFileLog.h	0	1	12
DNFServer/ServerCommon/Thread.cpp	1	1	0
guild/GuildPacketCtor.cpp	8	4	0
DNFServer/ServerCommon/DNFFileLog.cpp	3	2	0
guild/GuildApp.cpp	15	11	0
guild/GuildDomain.cpp	18	13	0
shared/common/include/ReverseEngineerLib.h	0	0	8
shared/packet/include/Packet_Monitor_Call_Guild_All_Members_ToChannel.h	0	2	1
guild/GuildPackets.h	0	1	4
guild/GuildUdp.cpp	3	2	0
DNFServer/ServerCommon/Thread.h	0	0	16
guild/GuildStCtor.cpp	4	2	0
guild/GuildMisc.h	0	1	2
DNFServer/ServerCommon/DNFFunctionLib.cpp	3	2	0
guild/GuildThread.h	0	0	7
guild/GuildSignal.h	0	0	2
shared/packet/include/Packet_Monitor_Call_Guild_Members_ToChannel_Next.h	0	2	1
guild/GuildDomain.h	0	2	10
shared/packet/include/Packet_Monitor_Call_Guild_All_Members_ToChannel_Next.h	0	2	1
shared/packet/include/Packet_Monitor_Call_Guild_Members_ToChannel.h	0	1	1
DNFServer/ServerCommon/DNFFunctionLib.h	0	0	11
guild/GuildMisc.cpp	7	5	0
shared/packet/include/Packet_Monitor_UDP_HeartBeat.h	0	1	1
guild/GuildUdp.h	0	0	6
shared/packet/include/Packet_Guild_Change_Power_War_Point.h	0	1	2
DNFServer/ServerCommon/tinyxml.h	0	0	1
DNFServer/ServerCommon/CFileLogWriterBase.cpp	2	1	0
