type	size	addr	mangled	demangled	obj
T	0x1e	0827e7b2	_ZN8WongWork11CQuestClearC1Ev	WongWork::CQuestClear::CQuestClear()	home/wangyilei/dnf_workspace/dnf_decompile/source/DNFServer/GameServer/Game/QuestClear.cpp.o
T	0x6	0827e7b8	_ZN8WongWork11CQuestClearD1Ev	WongWork::CQuestClear::~CQuestClear()	home/wangyilei/dnf_workspace/dnf_decompile/source/DNFServer/GameServer/Game/QuestClear.cpp.o
T	0x6	0827e7be	_ZN8WongWork11CQuestClear5clearEv	WongWork::CQuestClear::clear()	home/wangyilei/dnf_workspace/dnf_decompile/source/DNFServer/GameServer/Game/QuestClear.cpp.o
T	0x6	0827e7c4	_ZNK8WongWork11CQuestClear14isClearedQuestEj	WongWork::CQuestClear::isClearedQuest(unsigned int) const	home/wangyilei/dnf_workspace/dnf_decompile/source/DNFServer/GameServer/Game/QuestClear.cpp.o
T	0xa	0827e7ce	_ZNK8WongWork11CQuestClear15getClearedQuestEv	WongWork::CQuestClear::getClearedQuest() const	home/wangyilei/dnf_workspace/dnf_decompile/source/DNFServer/GameServer/Game/QuestClear.cpp.o
T	0x6	0827e7d6	_ZN8WongWork11CQuestClear18resetClearedQuestsEj	WongWork::CQuestClear::resetClearedQuests(unsigned int)	home/wangyilei/dnf_workspace/dnf_decompile/source/DNFServer/GameServer/Game/QuestClear.cpp.o
T	0x2a	0827e7dc	_ZN8WongWork11CQuestClear15setClearedQuestEPKNS_14STClearedQuestE	WongWork::CQuestClear::setClearedQuest(WongWork::STClearedQuest const*)	home/wangyilei/dnf_workspace/dnf_decompile/source/DNFServer/GameServer/Game/QuestClear.cpp.o
T	0x30	0827e7e2	_ZN8WongWork11CQuestClear10syncScriptEv	WongWork::CQuestClear::syncScript()	home/wangyilei/dnf_workspace/dnf_decompile/source/DNFServer/GameServer/Game/QuestClear.cpp.o
T	0xa	0827e7ec	_ZN8WongWork11CQuestClear15setClearedQuestEj	WongWork::CQuestClear::setClearedQuest(unsigned int)	home/wangyilei/dnf_workspace/dnf_decompile/source/DNFServer/GameServer/Game/QuestClear.cpp.o
T	0x6	0827e7f2	_ZN13user_creature12CCreatureMgr5ResetEv	user_creature::CCreatureMgr::Reset()	home/wangyilei/dnf_workspace/dnf_decompile/source/DNFServer/GameServer/Game/CCreatureMgr.cpp.o
T	0x6	0827e7f8	_ZN13user_creature12CCreatureMgr7SetUserEP5CUser	user_creature::CCreatureMgr::SetUser(CUser*)	home/wangyilei/dnf_workspace/dnf_decompile/source/DNFServer/GameServer/Game/CCreatureMgr.cpp.o
T	0xb	0827e7fe	_ZN13user_creature12CCreatureMgr7UseItemEP10Inven_Itemi	user_creature::CCreatureMgr::UseItem(Inven_Item*, int)	home/wangyilei/dnf_workspace/dnf_decompile/source/DNFServer/GameServer/Game/CCreatureMgr.cpp.o
T	0x16	0827e808	_ZN13user_creature12CCreatureMgr18InsertCreatureItemEP10Inven_Itemiiii	user_creature::CCreatureMgr::InsertCreatureItem(Inven_Item*, int, int, int, int)	home/wangyilei/dnf_workspace/dnf_decompile/source/DNFServer/GameServer/Game/CCreatureMgr.cpp.o
T	0x14	0827e812	_ZN13user_creature12CCreatureMgr7GainExpEi	user_creature::CCreatureMgr::GainExp(int)	home/wangyilei/dnf_workspace/dnf_decompile/source/DNFServer/GameServer/Game/CCreatureMgr.cpp.o
T	0x6	0827e818	_ZNK13user_creature12CCreatureMgr18IsEquippedCreatureEv	user_creature::CCreatureMgr::IsEquippedCreature() const	home/wangyilei/dnf_workspace/dnf_decompile/source/DNFServer/GameServer/Game/CCreatureMgr.cpp.o
T	0xa	0827e822	_ZNK13user_creature12CCreatureMgr32IsGrowCreature_Equipped_CreatureEv	user_creature::CCreatureMgr::IsGrowCreature_Equipped_Creature() const	home/wangyilei/dnf_workspace/dnf_decompile/source/DNFServer/GameServer/Game/CCreatureMgr.cpp.o
T	0xc	0827e82c	_ZN20CraneMinigameManagerC1Ev	CraneMinigameManager::CraneMinigameManager()	home/wangyilei/dnf_workspace/dnf_decompile/source/DNFServer/GameServer/Game/CraneMinigameManager.cpp.o
T	0x6	0827e832	_ZN20CraneMinigameManagerD1Ev	CraneMinigameManager::~CraneMinigameManager()	home/wangyilei/dnf_workspace/dnf_decompile/source/DNFServer/GameServer/Game/CraneMinigameManager.cpp.o
T	0xa	0827e838	_ZN20CraneMinigameManager4initEv	CraneMinigameManager::init()	home/wangyilei/dnf_workspace/dnf_decompile/source/DNFServer/GameServer/Game/CraneMinigameManager.cpp.o
T	0xa	0827e842	_ZN20CraneMinigameManager27updateCraneItemNeedMaterialEi	CraneMinigameManager::updateCraneItemNeedMaterial(int)	home/wangyilei/dnf_workspace/dnf_decompile/source/DNFServer/GameServer/Game/CraneMinigameManager.cpp.o
T	0x30	0827e848	_ZN24Secu_DungeonAverageCheckC1Ev	Secu_DungeonAverageCheck::Secu_DungeonAverageCheck()	home/wangyilei/dnf_workspace/dnf_decompile/source/DNFServer/GameServer/Game/Secu_DungeonAverageCheck.cpp.o
T	0x30	0827e878	_ZN24Secu_DungeonAverageCheckD1Ev	Secu_DungeonAverageCheck::~Secu_DungeonAverageCheck()	home/wangyilei/dnf_workspace/dnf_decompile/source/DNFServer/GameServer/Game/Secu_DungeonAverageCheck.cpp.o
T	0x36	0827e87e	_ZN24Secu_DungeonAverageCheck11SetPartyPtrEP6CParty	Secu_DungeonAverageCheck::SetPartyPtr(CParty*)	home/wangyilei/dnf_workspace/dnf_decompile/source/DNFServer/GameServer/Game/Secu_DungeonAverageCheck.cpp.o
T	0x6	0827e88c	_ZN24Secu_DungeonAverageCheck12dungeonClearEv	Secu_DungeonAverageCheck::dungeonClear()	home/wangyilei/dnf_workspace/dnf_decompile/source/DNFServer/GameServer/Game/Secu_DungeonAverageCheck.cpp.o
T	0x6	0827e892	_ZN24Secu_DungeonAverageCheck10dungeonFailEv	Secu_DungeonAverageCheck::dungeonFail()	home/wangyilei/dnf_workspace/dnf_decompile/source/DNFServer/GameServer/Game/Secu_DungeonAverageCheck.cpp.o
T	0x6	0827e898	_ZN24Secu_DungeonAverageCheck12startDungeonEv	Secu_DungeonAverageCheck::startDungeon()	home/wangyilei/dnf_workspace/dnf_decompile/source/DNFServer/GameServer/Game/Secu_DungeonAverageCheck.cpp.o
T	0x6	0827e89e	_ZN24Secu_DungeonAverageCheck18setKillMonsterInfoEPK14MSG_MONSTER_DIEP10map_monster	Secu_DungeonAverageCheck::setKillMonsterInfo(MSG_MONSTER_DIE const*, map_monster*)	home/wangyilei/dnf_workspace/dnf_decompile/source/DNFServer/GameServer/Game/Secu_DungeonAverageCheck.cpp.o
T	0xa	0827e8a4	_ZN22ServiceRestrictManager12isRestrictedEP5CUserN16RestrictCategory4EnumEi	ServiceRestrictManager::isRestricted(CUser*, RestrictCategory::Enum, int)	home/wangyilei/dnf_workspace/dnf_decompile/source/DNFServer/GameServer/Game/ServiceRestrictManager.cpp.o
T	0xa	0827e8ae	_ZN22ServiceRestrictManager12isRestrictedEN16RestrictCategory4EnumEi	ServiceRestrictManager::isRestricted(RestrictCategory::Enum, int)	home/wangyilei/dnf_workspace/dnf_decompile/source/DNFServer/GameServer/Game/ServiceRestrictManager.cpp.o